ID,SNM,STYP,FND,RGN,USC,SCR_EST_2014,SCR_EST_2015,SCR_EST_2016,SCR_EST_2017,SCR_EST_2018,SCR_EST_2019,SCR_EST_2020,SCR_EST_2021,SCR_EST_2022,SCR_EST_2023,SCR_EST_2024
1,ICT폴리텍대학,전문대학,사립,경기,C그룹,52.690204500951445,52.717514791632894,52.717514791632894,52.52193392273875,67.52675560580747,68.15407140619402,68.16920729508293,68.1950008868936,68.25615424542886,68.25615424542889,68.26182091209553
2,가야대학교,대학,사립,경남,C그룹,52.40305210704844,52.62859076911407,52.51023248081664,52.40398515574016,67.55423904646362,67.97048667551402,67.82755545077772,67.79969236917364,67.654291295772,67.6418728955772,67.62954073915827
3,가천대학교,대학,사립,경기,A그룹,49.08372226078539,48.42152623357708,48.28809642720419,48.53164616429031,68.96326237721973,68.86055808403883,68.45961925059731,70.2650315328961,70.19401959554855,69.97655491320552,69.93207024588479
4,가톨릭관동대학교,대학,사립,강원,B그룹,51.58885553636176,53.33325408570952,51.64650779745493,51.1925704050846,66.97451387000797,67.76816742138355,67.36077781991924,67.41024733248626,67.47907754301072,67.31793997319616,67.2158687513553
5,가톨릭꽃동네대학교,대학,사립,충북,C그룹,52.00219605203712,52.15900654335626,52.232916785555176,52.62554381591026,67.90845866860026,68.45377573701676,67.81200365014746,68.23947854415634,68.41999869929742,68.0452021464163,68.21196638840365
6,가톨릭대학교,대학,사립,경기,A그룹,48.891821677626844,48.08401123323519,48.7198443020796,48.446496403906835,66.8039487036704,69.06376672175573,69.88845562079081,73.05958047860283,73.24775230318389,73.21968405237894,72.95084807653777
7,가톨릭상지대학교,전문대학,사립,경북,C그룹,52.155059426320534,51.84585146626335,51.65613554658238,52.22007497516105,66.31299685424489,66.47433347961393,66.58055086178656,67.80705067625094,67.79039369310865,67.71466375112931,67.65975454128461
8,감리교신학대학교,대학,사립,서울,C그룹,51.652400568989385,51.61456888192028,51.76796640948391,51.56419529601306,65.36723600956073,65.47118405856753,65.60281533608234,66.86070277454331,66.92029030651013,66.61186450298642,65.81880595251107
9,강남대학교,대학,사립,경기,B그룹,51.96820621989215,52.48423168294473,52.235851837084866,52.464797959655506,67.25242930377019,67.60532349850365,68.09058408946328,67.93356760700509,68.13560619224297,67.9645514250656,67.85070075697176
10,강동대학교,전문대학,사립,충북,B그룹,52.79177118044793,52.79667967668855,52.7901463433552,52.698345485707726,67.52240646561901,67.76329959527465,68.19713846353343,68.16380443303694,68.06314614088497,67.3676299336672,67.38136013879542
11,강릉영동대학교,전문대학,사립,강원,B그룹,52.684870140376425,52.80598543682,52.80377202772908,52.65220250985868,67.38148250914664,67.44618248435353,67.90996262028797,67.64431325864639,68.14400622117877,68.15349955451212,68.08917843280686
12,강서대학교,대학,사립,서울,C그룹,52.46084980134419,52.748864816654624,52.84482998540746,52.90076889529697,67.6851555244983,67.97631472926545,67.88997563752054,68.07176605238172,68.00430881997578,68.0386537299942,67.92341025392356
13,강원관광대학교,전문대학,사립,강원,C그룹,52.71960420602013,52.43355907323959,52.44085946715528,52.33757119536639,66.98116654544383,67.75525392542207,68.0629898539836,67.48490373654995,68.64625162146424,68.69185557190207,68.2264592225106
14,강원대학교,대학,국립,강원,A그룹,47.005460645307345,47.259817055935656,48.957207559378205,46.771746808366515,67.38189164998222,69.22637891478884,70.7416935503242,72.10192423074983,72.03940254000761,71.96409883661508,71.65178442114494
15,강원도립대학교,전문대학,공립,강원,C그룹,52.39303379720815,52.46938122802434,52.68684672523022,52.68487103556605,67.44121902758333,67.69920235406643,67.968660966755,67.76493988032784,67.7644416374316,67.70440770802763,68.33547960942533
16,개신대학원대학교,대학원대학,사립,서울,-,52.715307075139805,52.62750431271887,52.73700615042062,52.58899215420782,67.57120026810153,68.02605609319514,68.16327380656098,67.80937592432794,68.12322852115861,67.75281248695178,68.07519770042671
17,거제대학교,전문대학,사립,경남,C그룹,52.32120507892036,52.42521426367411,52.766571978466466,52.333170498122776,67.80589110219687,68.09180887726504,67.81198569866142,67.8164099030723,68.34265414645728,67.73486060774303,67.8921115727487
18,건국대학교,대학,사립,서울,A그룹,45.836741281996446,45.62379520023488,45.664269019083626,47.254484814561465,67.8123732494039,69.44631081585004,70.07435446672335,70.9857161400415,71.14018462803949,70.9924512830538,71.53937726899477
19,건국대학교(글로컬),대학,사립,충북,B그룹,49.07940131000166,48.92986370328038,49.67818692688702,51.15081511587494,66.79278288831095,67.1389894090422,66.96573530211694,68.06201576599481,67.51152550620218,67.3880818065169,67.45276473901865
20,건동대학교,대학,사립,경북,C그룹,52.81886897456559,52.81724413747286,52.81724413747284,52.727060613158706,67.69327133796001,68.20353722251059,68.21867311139951,68.21867311139953,68.22079255584393,68.22079255584394,68.2264592225106
21,건신대학원대학교,대학원대학,사립,대전,-,52.62988789392082,52.572065673497484,52.465271621137596,52.47999726075854,67.2694263806557,67.76868935615488,67.56897464542534,68.32280280767019,67.85509798014995,67.77460774597769,67.88416397060871
22,건양대학교,대학,사립,충남,B그룹,48.50121349933056,48.05859120678207,48.37676938855857,49.38405355285172,66.33996223000241,65.75118878421327,66.32947025495342,67.06401571437337,66.93077018023439,66.51141086255743,67.05620098610261
23,경기과학기술대학교,전문대학,사립,경기,A그룹,52.77646867202459,52.52328724487516,52.28540579987812,51.321885498967035,67.02101576548878,67.15578931832833,66.78239250400854,67.12356448560344,67.51475425223987,67.1339365702047,66.71017084374287
24,경기대학교,대학,사립,경기,A그룹,47.46193626425764,47.761021483856844,48.77625971995767,50.41308242611224,67.59610157395184,67.73329399110916,67.46903563219752,67.8371913610688,67.96619783788005,67.60299417260215,67.82309342390444
25,경남대학교,대학,사립,경남,A그룹,50.45074906346401,51.04592973883968,51.02889691744699,51.18454152510329,66.63015564145199,67.13396784245094,67.30753865052141,67.71997646965725,67.49213067148973,67.4383023214144,67.60197420240117
26,경남도립거창대학,전문대학,공립,경남,C그룹,52.695247597023695,52.395396803802775,52.859399766884614,52.61852054300115,67.62149904128196,67.53092162608628,68.07426058107316,67.93381941129797,67.89045552193855,67.8817563985619,68.50898420128368
27,경남도립남해대학,전문대학,공립,경남,C그룹,51.625049578562695,51.84738334433568,51.702865829831936,51.935282045006296,67.29681087974643,67.65454914767139,67.68085690036318,67.30870610109157,68.3505893845967,67.48217226124821,67.8866814037705
28,경남정보대학교,전문대학,사립,부산,A그룹,52.670039451183186,52.42369229856154,52.625088716913545,52.585205680333885,66.65634206167418,66.87514543129268,66.8936670408206,67.04354760444143,67.02918098661482,67.04882615683674,67.08154292448738
29,경동대학교,대학,사립,강원,B그룹,52.71942561775687,52.72019428442353,52.63879146229106,52.58251677909744,67.02692927038557,66.69175052561519,65.14087887030814,65.45105884495455,66.93958552150454,66.49589853720889,67.03224499075827
30,경민대학교,전문대학,사립,경기,B그룹,52.72934446552069,52.703157389865865,52.699167488388035,52.21136072804813,66.52757081253553,66.77740563829707,66.72130246330381,67.36746571588668,67.32847739827925,67.6924332728677,66.92118918410209
31,경복대학교,전문대학,사립,경기,A그룹,52.645519334111704,52.63422277667501,52.56195694561898,52.478009016877756,66.65708512140608,67.19294773254632,66.70284209828344,66.21867432016654,66.14982616630436,66.85752513015962,66.27490862346129
32,경북과학대학교,전문대학,사립,경북,C그룹,52.8997780746931,52.767662431123654,52.7895980876893,52.58268933502653,68.09915708203732,68.5740873902796,68.67528903197507,68.39299711543772,68.13658158831025,68.27516826892476,68.3939510043266
33,경북대학교,대학,국립,대구,A그룹,49.833755184692265,49.806104470443,51.93481334967412,51.86229449693896,72.20160251543709,73.26484212432284,74.02769504415237,74.4766494339218,74.52333005463383,74.72614637117348,75.00325480711444
34,경북보건대학교,전문대학,사립,경북,C그룹,52.58602909935528,52.663554166403934,52.369317966723926,52.13116910431454,66.58081322996524,66.9577511850435,66.78524170854783,66.7997814008555,67.1095606152158,66.93049350891084,66.89940121870423
35,경북외국어대학교,대학,사립,대구,C그룹,52.81886897456559,52.81724413747286,52.81724413747284,52.727060613158706,67.69327133796001,68.20353722251059,68.21867311139951,68.21867311139953,68.22079255584393,68.22079255584394,68.2264592225106
36,경북전문대학교,전문대학,사립,경북,B그룹,52.547144865897316,52.699286606516395,52.64444020289015,52.43014411869058,66.90742912397867,67.66279735041954,67.24075325295432,67.18309450296644,67.51934759848285,67.5517232856411,67.5960896248546
37,경상국립대학교,대학,국립,경남,A그룹,46.57510274171599,48.05818910643114,48.574341144920716,49.13120905254733,69.04213166541226,71.27990087654419,71.34670736834337,72.22009547793506,72.43013044706022,72.70869292977896,72.90985142995086
38,경성대학교,대학,사립,부산,A그룹,48.83695436440229,49.538817882490704,49.60885696724858,49.75244601299138,66.49471100005829,66.93656294745414,67.11176680201328,67.53005727852353,67.90945767631155,67.62211833000235,67.74698650837942
39,경안대학원대학교,대학원대학,사립,경북,-,52.704285759995244,52.68756705080987,52.64596407002501,52.72486792114145,67.90051387626511,68.54292465776211,68.23516039039549,68.26802883695846,68.19966201919482,68.17570044048848,68.13982845961641
40,경운대학교,대학,사립,경북,C그룹,52.19070690777034,52.43552581769736,52.8187292941522,52.3593899414579,66.96556348301043,67.29060650201025,67.21099356912677,67.28356687053281,67.27521541510559,67.41219107025445,67.69398577280307
41,경인교육대학교,대학,국립,인천,C그룹,50.61557544854622,50.270062817501554,50.814310526865434,51.330777563573875,64.93605199123388,64.8697179133729,65.05344412034593,66.59488141329373,67.43136136070787,66.52409959035988,66.17027733669914
42,경인여자대학교,전문대학,사립,인천,B그룹,52.2918570860199,52.05012100370164,51.35155030784587,51.29856407313195,65.82142908239577,66.30361779971484,67.16950960108618,67.07752933321574,67.55641618363012,67.47422991997524,66.94508050589036
43,경일대학교,대학,사립,경북,B그룹,51.71215489677791,52.30241849143885,52.10011370053429,52.29475319038613,67.30694775278182,67.24792400815652,67.13121438888943,67.15530430469352,67.06552820539305,67.10186225412168,67.11562298890468
44,경찰대학,기타,기타,충남,-,52.298477246400104,52.600718475674526,52.58025230628835,52.46912048710241,66.85705828475133,67.27929787135491,67.3229677526374,67.30407376024381,67.30381120468827,67.4495010542247,68.09443766203563
45,경희대학교,대학,사립,서울,A그룹,49.75188781042687,47.827443987056405,51.670409726555626,50.00107610326821,71.16583129927622,72.92190361874108,73.89621676278786,75.00887470281397,75.27315711284827,75.52697541742717,75.59207838430137
46,계명대학교,대학,사립,대구,A그룹,52.175234293684326,50.58449179100665,51.91187390244875,52.195268514564205,67.93199182821189,68.29092394655281,67.80084398510706,68.66816842915787,66.80708024697027,69.69148229250861,69.85947198255772
47,계명문화대학교,전문대학,사립,대구,A그룹,51.735601965953805,51.84844980152344,51.75687569610744,51.89554177266026,66.53349081355745,67.24911553227426,66.60494787713348,66.39249081084104,66.1854256180767,66.39752020214004,67.16161713645387
48,계약신학대학원대학교,대학원대학,사립,경기,-,52.33965139519629,52.39847628041328,52.33484690127522,52.34145990915993,65.68171079045499,66.2789077515209,66.23686301067842,67.27389453603331,68.4624833699269,68.22079255584394,68.2264592225106
49,계원예술대학교,전문대학,사립,경기,B그룹,52.07120755219372,52.623599136574306,51.88949588650768,51.86695808321958,66.63496605909765,66.73957160421283,67.55225314557059,68.00002311220747,67.99505320697683,67.71163792075197,67.4505406616427
50,고려대학교,대학,사립,서울,A그룹,53.08375242099772,53.58617651190095,53.951019911084785,54.72375901113162,74.92200800999083,76.81098955193013,77.30159710649767,78.11332204287059,78.72744185542068,78.54691596148477,78.73877197247053
51,고려대학교(세종),대학,사립,세종,B그룹,50.66728787917094,49.81468132855328,49.91264170934241,51.73653413552868,66.99574935594758,67.57679612818828,67.52320248083007,68.0377847958506,68.06436346710476,68.0387999338806,68.28756494453276
52,고려사이버대학교,대학,사립,서울,A그룹,52.80526615606448,52.80965450784323,52.81545450784322,52.72527098352907,67.64665614634849,68.15692203089908,68.09476475085297,68.07337829752854,68.07124020229043,68.12220384683955,68.08685142755947
53,고신대학교,대학,사립,부산,C그룹,51.92903148888434,52.347276869431695,52.28558528584537,52.394029614756825,66.85495542255188,67.01788485927825,67.06949835060271,67.17911690277687,67.24275650960155,67.84600324749536,68.30485191699574
54,공군사관학교,기타,기타,충북,-,52.35353402882489,52.39216323603285,52.02483145991093,51.84927154550546,67.02436349230017,67.48847861471633,67.72515333833039,67.5907917953704,67.67660798431301,67.28956962895809,68.2264592225106
55,공주교육대학교,대학,국립,충남,C그룹,51.852587528375985,51.21938157310118,51.64917297021331,51.58543979024176,66.47463295695503,66.60411757944216,66.3383645990228,67.7695030397388,67.63362633865336,66.87819498608917,67.28647395251105
56,과학기술연합대학원대학교,대학원대학,국립,대전,-,52.80618564123225,53.34338443353981,53.35053995626113,53.113983753816974,68.18728509172674,68.75901237046618,69.471965929514,69.55753166388715,69.46099704275017,69.41490622380593,69.43603169712243
57,광신대학교,대학,사립,광주,C그룹,52.479082529742215,52.45179488162958,52.55151083007111,52.686318247724536,67.5272374896144,68.01755730981824,67.76257438033454,68.10144118624689,68.23116000048334,68.21543705083708,68.35597535621234
58,광양보건대학교,전문대학,사립,전남,C그룹,52.7151941323458,52.68391538034232,52.89167002979947,52.60760519216938,67.061704792877,67.86044147430596,68.07611068430546,68.28248770061913,68.10719334261796,67.96752211450838,67.97598878117505
59,광운대학교,대학,사립,서울,B그룹,48.81926436854848,49.78934199447578,50.23905702065695,52.04124129474947,64.21935942591323,67.05944510980274,67.1275042929574,68.23252919791318,67.31221398196585,67.19865615855075,67.55576305290207
60,광주가톨릭대학교,대학,사립,전남,C그룹,52.35290033602885,52.3441639680635,52.35356918148341,52.30415604025613,65.20183984165496,65.5128806444771,65.47105889212823,65.47565364738028,65.40044169788536,65.38508279032231,65.41914779032233
61,광주과학기술원,대학,국립,광주,C그룹,52.81886897456559,52.81724413747286,52.81724413747284,50.45583299844297,67.9743674684425,68.37061319630838,69.8799750422868,70.32680391924417,71.45251980786888,71.71760921570765,71.23799497567056
62,광주교육대학교,대학,국립,광주,C그룹,51.727068003313065,51.99828142219424,51.963995565433905,52.03585109475282,66.718190923803,66.05098137148819,67.24688598695565,67.61079437708133,67.44979221063079,67.68572920103945,67.82373603304828
63,광주대학교,대학,사립,광주,B그룹,52.568969591826644,52.415231212774515,52.654158423155174,51.9781369713318,66.86507068683463,66.69856905323067,66.89989385707914,67.09459906852098,67.12989524725914,67.24323450457314,67.13045529783642
64,광주보건대학교,전문대학,사립,광주,B그룹,52.764774684328984,52.78043142584028,52.78895597406125,52.61064759144837,67.91267172883354,68.35916274679533,68.16128341074973,68.55053399819843,68.40108986073281,68.45556362701463,68.51612978832912
65,광주여자대학교,대학,사립,광주,C그룹,51.65883039647191,52.379632333091074,52.52109353672379,51.841549483863254,66.75718367595782,67.41945669543712,67.47450347924567,67.28333399403664,67.33825485660964,67.2900957078319,67.34787363682074
66,구미대학교,전문대학,사립,경북,A그룹,52.76799642646554,52.745090164085454,52.72165802973993,52.48640868324158,66.77265907831664,67.19915046946494,67.23331380175786,67.60010005325708,67.87066443150269,67.22488739558281,67.92814198128484
67,구세군사관대학원대학교,대학원대학,사립,경기,-,52.32050163933334,52.361663127168335,52.61832500629895,52.532703042568116,65.96904658407439,66.32681043914873,66.35439543755628,66.49673623464571,66.43452102670987,66.49815301432916,67.22736847477377
68,국군간호사관학교,기타,기타,대전,-,52.12553490602801,52.677373572983,52.67382474245755,52.56873925379706,67.05144033125059,67.45310833466746,67.5220130568897,68.13394234997551,67.7081734427825,68.1150130988542,68.11746573043315
69,국립강릉원주대학교,대학,국립,강원,B그룹,51.57935573543121,51.89878605433222,51.675186739747105,51.47008006026722,66.76061674895546,67.07373599417816,67.2115395966963,67.37091603981314,67.24663397645155,67.33716828933132,67.41675797465159
70,국립경국대학교,대학,국립,경북,B그룹,51.25565753259477,51.54866457801409,51.98754595422184,52.22332688185871,67.01269295782132,67.28856533965474,67.5158140426033,67.36024800446047,67.40652254765158,67.45475586112016,67.85478169396632
71,국립공주대학교,대학,국립,충남,A그룹,47.48566843745592,48.82170558844392,49.474159423628706,49.06741878442813,67.40437676079142,67.5983310358017,68.18244103142104,67.75967231226852,67.49365113156996,67.55973161641978,68.37506774690023
72,국립군산대학교,대학,국립,전북,B그룹,50.16488013950449,50.2600195168286,51.07712945215272,51.051209281976654,66.65618888051418,67.03593687925986,66.80722585358201,67.40123433803916,67.30681913342221,67.43899333504436,67.58565247328397
73,국립금오공과대학교,대학,국립,경북,B그룹,49.65330492728952,50.141126156178885,49.29452275429577,49.96219420821155,65.82546396663176,66.42153167813618,67.24975312934697,67.5110349708853,67.56811752627206,67.61404549587516,67.83169334660019
74,국립목포대학교,대학,국립,전남,B그룹,51.155727410146774,50.632709737576654,50.50865785414284,51.93689401483106,66.8822043335555,67.22737522066647,67.30468335819667,67.29207582486315,67.35816439574518,67.46566581556601,67.51432027652828
75,국립목포해양대학교,대학,국립,전남,C그룹,52.87032324380913,52.661598865360126,52.21311721427439,52.34215386797161,67.8791193308413,67.7280824244177,68.1673371370151,68.04371781918971,68.13565208681096,68.2083175695468,67.45816243339225
76,국립부경대학교,대학,국립,부산,A그룹,45.98574598422331,46.0193943035245,46.17937564576402,46.52126927683703,65.31997975356053,68.1920885370189,68.24991752889001,69.11925252262891,68.56074291730616,68.07742386863816,69.82261040799251
77,국립순천대학교,대학,국립,전남,B그룹,50.82701613917224,51.49518205195125,51.265490965296216,51.78983145371366,66.7107764760909,67.28791013127096,67.0910019902096,67.32530687251823,67.75082139942812,67.91847502156439,68.26496855127704
78,국립암센터국제암대학원대학교,대학원대학,국립,경기,-,52.81886897456559,53.74486270038267,52.972096707274424,52.97700639634878,66.99652034789321,67.50362786324838,67.48667960768512,67.42118886953966,67.41940070538216,67.44895391217989,68.71299511715566
79,국립창원대학교,대학,국립,경남,B그룹,49.85806856989949,49.16943950044954,49.3634253553205,49.11772959843008,65.3397359379672,66.06674290850546,66.89329514958956,67.45614425102498,67.68712491959256,67.79819288515785,67.95821253695921
80,국립한국교통대학교,대학,국립,충북,B그룹,52.553971014296316,51.900243996360494,51.67311886619811,51.55212565471288,66.0642025312643,66.90728369922783,67.48073811453683,67.59356090106559,67.62997119939236,67.68360783611723,68.74068604676785
81,국립한국해양대학교,대학,국립,부산,B그룹,50.273035280148314,50.529131299590894,50.67823488826161,50.984794161953914,66.68254897165151,66.8262734655654,67.33800842032588,67.4849293379931,67.85606618131246,67.9709444844258,68.04774642769065
82,국립한밭대학교,대학,국립,대전,B그룹,51.34648885726705,50.62877276343132,51.4522435686064,51.332123295950524,66.50638411339595,66.86930789318585,66.96038060675566,67.23501548937712,67.17175498043846,67.3525445611276,67.81271277228551
83,국민대학교,대학,사립,서울,A그룹,47.424896242285904,47.655502267217955,48.216895182390104,48.79936811405075,67.48785890207104,68.2926123581864,68.19131006346808,69.10860126770848,68.20631523118558,68.2766811704279,68.6863649077588
84,국방대학교,기타,기타,충남,-,52.74154804525284,52.73992320816011,52.73450654149343,52.64551917102544,67.48280400841955,67.9491404529118,67.97796839233105,67.92673268138702,68.22079255584393,67.93966966622393,67.93846807892236
85,국제뇌교육종합대학원대학교,대학원대학,사립,충남,-,52.78571777411868,52.92601465584505,53.06119099923473,52.97276521719391,67.80832007989606,68.26767918895607,67.81168997192594,67.81938338101685,67.83481884980206,67.85801814804768,68.07118816383769
86,국제대학교,전문대학,사립,경기,B그룹,52.600220691314114,52.61041821912422,52.57126170277502,52.46946739274659,66.92790944198867,67.33887832256045,67.37604653468166,67.37305516737943,67.3925846118239,67.42037551008708,67.84793746739112
87,국제문화대학원대학교,대학원대학,사립,충남,-,53.96285068927617,52.81724413747286,52.81724413747284,52.727060613158706,67.69327133796001,68.20353722251059,68.21867311139951,68.21867311139953,68.22079255584393,68.22079255584394,68.2264592225106
88,국제법률경영대학원대학교,대학원대학,사립,경기,-,52.63194671483236,52.69025712245943,52.69471183856058,52.72505509691324,68.03154363847548,68.44772147689224,68.47937081737855,68.72114019354574,68.30604237562305,68.30604237562308,68.2264592225106
89,국제사이버대학교,대학,사립,경기,C그룹,52.82024097456559,52.81724413747286,52.81724413747284,52.70508300821385,67.63626587352252,68.12316366750355,68.14793955639244,68.14793955639246,68.15005900083688,68.15005900083688,67.89185673258011
90,국제언어대학원대학교,대학원대학,사립,서울,-,52.67085428248478,52.65321149817107,52.78576603710207,52.64976188980516,65.96356923565583,66.26006686634052,66.98475181637573,68.2858636023101,68.2841839789355,68.27174909410552,68.18944741661707
91,국제예술대학교,기타,기타,서울,-,52.81886897456559,52.81724413747286,52.81724413747284,52.727060613158706,67.69327133796001,68.20353722251059,68.21867311139951,68.21867311139953,68.22079255584393,68.22079255584394,68.2264592225106
92,군산간호대학교,전문대학,사립,전북,C그룹,51.69670253910072,51.53055338168166,51.3792590512483,51.72347549972026,65.53927835218826,66.809610798228,66.45320837772802,66.60960315390517,65.47943129738827,65.33695620150455,65.6412449849551
93,군장대학교,전문대학,사립,전북,C그룹,52.77525514700426,52.68153470745965,52.426241758118344,52.64783005904614,67.52264674454234,68.1558929711107,68.14964006851332,68.19104795809108,68.32424565781362,68.35232832134892,68.36220602620004
94,극동대학교,대학,사립,충북,C그룹,52.80815288261155,52.74325449678022,52.74865800922422,53.855910531646764,67.78008345137025,68.1437633934711,67.9841532093244,67.62010496277249,68.17842647728749,67.71682946939528,67.85617206696169
95,글로벌사이버대학교,대학,사립,충남,C그룹,52.81886897456559,52.81724413747286,52.818616137472844,52.727060613158706,67.69327133796001,68.20032318742288,68.21867311139951,68.27439987338023,68.28146559233444,67.95052816187305,68.2264592225106
96,금강대학교,대학,사립,충남,C그룹,52.40332387111781,52.42605816209684,52.42465596209685,52.19819567874509,66.44802768841927,66.86790857776788,66.31347103025016,67.56352615708627,67.63747507494857,66.73835524641663,67.20113203877658
97,기독간호대학교,전문대학,사립,광주,C그룹,53.24553559782177,53.00431988446088,53.01859188689151,53.05116989313757,67.96216764297776,68.37970528218924,68.15749472830161,68.05858706696243,68.18802499885074,68.11176451267976,68.19175738556922
98,김천대학교,대학,사립,경북,C그룹,52.426575773770516,52.592692241604794,51.49417521418984,52.37497004325791,67.12912892824644,67.54185539091254,68.07555646349991,67.72152182017192,67.65931251214202,67.99583456973667,67.59386704291832
99,김포대학교,전문대학,사립,경기,C그룹,52.20057727517299,52.66668156785129,52.40664658946211,52.63772527014294,66.92887034449292,67.44105824339435,67.52474938009604,67.31067629865112,68.13078302791067,68.37720282051801,68.47793869879489
100,김해대학교,전문대학,사립,경남,C그룹,52.68125888102392,52.76991088546324,52.60181952039192,52.29417762208963,67.03034705705922,67.70663043615524,67.7503977323817,67.84926210118171,67.81845180331138,67.23274618357772,67.5405860467666
101,나사렛대학교,대학,사립,충남,B그룹,51.777035592278466,51.463079259958995,51.3033944089464,51.517526836736025,66.47381523125554,66.89893707037753,66.93956392978187,67.35153278309369,67.3140469859821,67.33472705041845,67.32846955527151
102,나주대학교,전문대학,사립,전남,C그룹,52.79697292478203,52.79534808768931,52.81724413747284,52.666411129031715,67.2140948411782,67.38377745303366,67.73725746258052,67.36791406007184,67.24381528114654,67.30210260687345,67.77796288490775
103,남부대학교,대학,사립,광주,C그룹,52.71409914368351,52.72612620024859,52.83357687100732,52.60560990995008,66.86495097357593,67.30769112020427,66.96532014948069,67.26909701670876,67.26732717207462,67.24918967567969,67.50287452645713
104,남서울대학교,대학,사립,충남,B그룹,51.10300488009275,51.15894163011579,50.475088478793175,51.89944889538431,67.36079107780911,68.22941311437388,67.38174338881859,67.82599162553764,68.35092298035362,67.88765012480224,67.46064522278715
105,농협대학교,전문대학,사립,경기,C그룹,52.67175707732082,52.82313925231447,52.84936080262689,52.9182890318503,67.68127998837953,68.48092137517888,67.81814649759934,67.92931097896805,67.95178700271774,67.96060517277694,67.98999217851396
106,능인대학원대학교,대학원대학,사립,경기,-,52.81886897456559,52.81724413747286,52.83511853180591,52.616249049412446,67.59697733185021,67.2441742237997,68.09367639937369,68.14994646103412,67.88431903584593,67.76076204117047,68.05030554349172
107,단국대학교,대학,사립,경기,A그룹,45.73084579557446,46.141145058545284,46.64400597998115,48.73784321930424,68.32256628881284,69.54572043190882,69.32343597595795,70.35749904053057,70.15594639403479,70.1331295908352,70.09852395101372
108,대경대학교,전문대학,사립,경북,B그룹,52.67324841007573,52.671623572983,52.788109693028396,52.73934549580873,67.32581368416845,67.55374012073536,67.78921240854034,67.82155730859645,66.67425904073626,66.93673240888891,65.53175289729379
109,대구가톨릭대학교,대학,사립,경북,A그룹,49.49620975536052,49.803253441313885,49.834893053758556,50.118880507307864,67.28684079572884,67.45772736986125,66.40835908790659,67.13546936630804,67.22935313023646,67.32744516129661,67.61254828381485
110,대구경북과학기술원,대학,국립,대구,C그룹,53.78421008883458,53.25104343783148,53.05461924042636,52.07537743996948,66.18755736432328,66.57013135496335,67.15709995791019,68.78881863504334,69.39733088089343,69.69479331317379,69.77090791913865
111,대구공업대학교,전문대학,사립,대구,C그룹,52.76440055163699,52.71957500932669,53.007399772995804,52.98869168939575,67.47865249180093,68.69964690151161,68.68514953529777,68.14918693867749,68.37326276958895,68.27772601429467,68.30474789835995
112,대구과학대학교,전문대학,사립,대구,A그룹,52.5454617766434,52.535801538201746,52.43568551562098,51.625155421736146,66.45514690287771,66.88866209362281,66.68608916633221,67.20233088046405,66.5076662972639,67.11177645631396,67.11176324563574
113,대구교육대학교,대학,국립,대구,C그룹,52.119222210862,52.07585945337262,52.45972910637747,52.14665642867553,67.06242393987596,67.58724427051065,67.26137975933413,67.4594276654067,67.46015392883675,67.2059954337176,67.01391490629676
114,대구대학교,대학,사립,경북,A그룹,48.33276402631008,49.02059663513899,50.55851104254436,49.95661568998444,67.3742552532345,68.10987282703928,68.61020723621104,67.74736091266804,67.93989856759657,67.82166739195787,67.92544999867673
115,대구미래대학교,전문대학,사립,경북,C그룹,52.96395219920834,52.64795260356429,52.53498796666851,52.727060613158706,67.69327133796001,68.20353722251059,68.21867311139951,68.21867311139953,68.22079255584393,68.22079255584394,68.2264592225106
116,대구보건대학교,전문대학,사립,대구,A그룹,52.63239352219469,52.623210907324186,52.50899650686791,52.449007657873,66.53336808769167,67.04968742849383,67.07852231037992,67.09778693089586,67.06372897045111,67.19870009886489,67.78615816303423
117,대구사이버대학교,대학,사립,경북,C그룹,52.81886897456559,52.81724413747286,52.81724413747284,52.727060613158706,67.6595041218428,68.17766000639337,68.17841435682075,68.15201864253504,68.15224467788855,68.15993808697947,68.15791134455522
118,대구예술대학교,대학,사립,경북,C그룹,52.98175336015646,52.67105124118442,52.12240114466733,52.204398010708076,67.27700981902376,68.03273967010016,67.95772947944795,68.00108759625262,67.9746674036907,68.10211145827762,68.18471130106705
119,대구외국어대학교,대학,사립,경북,C그룹,52.73432331825118,52.708787877865454,52.666336798903565,52.64340394461049,67.69327133796001,68.20353722251059,68.21867311139951,68.21867311139953,68.22079255584393,68.22079255584394,68.2264592225106
120,대구한의대학교,대학,사립,경북,B그룹,51.43264410108652,51.92876480485547,52.06649395474691,52.05572023410594,66.87397006514804,67.22266980352661,67.10907820045239,67.2231311169265,67.21314539370698,67.38765210806646,67.4262110525022
121,대덕대학교,전문대학,사립,대전,C그룹,52.74550635407496,52.69794331128574,52.58745405356357,52.56819997174344,66.79617441889259,67.09527508336775,67.06601788775694,67.1856913165668,67.66367307276424,68.22474751640381,67.69655964264304
122,대동대학교,전문대학,사립,부산,C그룹,52.322358895434306,51.9900053156257,51.983987353178115,52.15807414922408,66.41877697235361,67.24260881502666,67.06974434263212,67.26825484996424,67.32655599696668,67.03363337197307,67.02952870876726
123,대림대학교,전문대학,사립,경기,A그룹,52.56307123313982,52.28511161469908,52.458915213464856,52.166568453826066,66.11220512390206,67.39031266268556,66.57228175672753,66.10631033212934,66.096762209286,66.10259964297778,67.07858094722756
124,대신대학교,대학,사립,경북,C그룹,52.15735940824247,52.63631004199464,52.42635538093607,52.31306562904986,65.93595308323856,66.02784434689337,66.52245757162669,67.90699239670721,67.81969874761806,67.70074518870267,67.4842084645676
125,대원대학교,전문대학,사립,충북,C그룹,52.28910419436046,52.412831712960894,51.97432795313005,52.19411608199583,66.2243761253905,65.03119244704442,65.2107811036257,67.41855800636804,67.42526807859932,67.49824200301215,68.01533659750494
126,대전가톨릭대학교,대학,사립,세종,C그룹,52.734444892055286,52.69088867993408,52.731075914277504,52.71879722087059,66.05489224546365,66.49622201722148,66.34057584619747,66.60217036007009,66.42068559259339,66.37434998014811,66.2127679476036
127,대전과학기술대학교,전문대학,사립,대전,B그룹,52.47085553543731,52.47570737393617,52.521519263475966,52.422452926706036,67.55565699161372,67.92934667318116,67.43537088610836,67.52902437303182,68.37373233475209,67.64819046843114,67.7444265812729
128,대전대학교,대학,사립,대전,B그룹,48.28410328350929,47.66525948236866,47.9852756131555,47.82653179048556,63.073298085464636,64.19190851274386,67.07843287030147,67.20291561700768,67.23371933257634,67.41718495750088,67.36263580836446
129,대전보건대학교,전문대학,사립,대전,A그룹,52.25989301538299,52.47950165612035,52.45241201569242,52.18251458118979,66.71595149949401,67.1685940707115,67.516798299284,67.10884451129294,67.39049629447376,67.92501146701191,67.89036286510625
130,대전신학대학교,대학,사립,대전,C그룹,52.332343365931855,52.47872176893379,52.387749681253396,52.37104222449071,65.7723660389623,65.95464349689045,66.1859086184645,67.50768466873322,67.51870399079027,66.83931748650475,66.9694064329654
131,대진대학교,대학,사립,경기,B그룹,51.405876929037206,51.70803366971047,51.61881961180563,51.67408582101416,66.76078622713052,67.75652722307115,67.85972635887936,68.05473998492363,67.063953844431,68.22054955740037,68.228164060344
132,대한신학대학원대학교,대학원대학,사립,경기,-,52.55902234586328,52.61212761222869,52.767204741594625,52.66857937672367,68.16306925521806,68.2400968321189,68.7030528976219,68.58024818632234,68.61788857104293,68.64587503019445,68.63805625213138
133,덕성여자대학교,대학,사립,서울,B그룹,49.45174810348611,49.629085581686645,49.39368395712471,49.79049581484958,65.1037094344571,65.53185179033117,65.80695678604475,67.25813002745876,67.35444563774438,67.26497551706521,66.73497576896555
134,동강대학교,전문대학,사립,광주,B그룹,52.618401634255385,52.739313029933065,52.758868040495386,52.47731782519698,66.88440550332058,67.48321846609579,67.64953988895353,67.755742013592,67.15077542179232,67.24205309932611,67.37488541739722
135,동국대학교,대학,사립,서울,A그룹,48.36340249866031,49.351203789018484,47.07999352487837,47.63221219760876,68.29154149906199,68.14039902998933,68.95641868409237,69.79276601775334,69.68776028553316,70.70702457442242,70.30752409591386
136,동국대학교 WISE캠퍼스,대학,사립,경북,B그룹,49.59507970696912,50.82745659551274,50.53488759794045,50.94701288751876,66.32334809997705,66.10282461343824,66.21525282631175,67.45201394748632,67.43535193741468,67.3162491413582,67.62653403851864
137,동남보건대학교,전문대학,사립,경기,A그룹,52.622247272421,52.76885215110675,52.69571339402299,52.505650261171766,67.42546608804219,67.81139197009041,67.85100914126109,67.93330180316329,67.45366442346065,67.53041414758145,67.44222877388798
138,동덕여자대학교,대학,사립,서울,B그룹,51.09749350653368,51.62233397062355,51.50433308226013,52.46058323535138,67.1451990222025,66.93779069698839,67.25381375792035,67.78419970794214,67.23962795796601,67.82696691447589,67.53595717845988
139,동명대학교,대학,사립,부산,B그룹,52.17531093962679,52.46605572380214,51.87334921911881,52.387636671451055,67.34461534342458,67.0141596761113,67.02229669610423,67.19320538557463,67.13941805439396,67.30010158204992,67.56285425155434
140,동방문화대학원대학교,대학원대학,사립,서울,-,53.01311560262874,52.92240919046874,53.41639884505159,53.06758894280473,67.75038678711414,68.27604793050995,67.82152791397547,67.96163841110214,67.68606777355716,67.87566689888146,67.83859224675479
141,동부산대학교,전문대학,사립,부산,C그룹,51.875955194464105,52.08407942007354,52.12771437577734,52.67353758057567,67.15356426507195,67.72541315774409,68.31622109041,68.21867311139953,68.22079255584393,68.22079255584394,68.2264592225106
142,동서대학교,대학,사립,부산,B그룹,49.95140724348224,50.01423813302325,50.44615817365407,50.580721949247604,66.01996580836712,66.30040208355878,66.81815867921446,67.34149727270753,67.45962301325042,67.5549110911479,67.67936481266183
143,동서울대학교,전문대학,사립,경기,A그룹,52.829998169212196,52.73524732717997,52.73747028403356,52.6038364075926,66.85684433138265,67.29615739593618,67.06485704981266,67.18838646351435,67.13351517511751,67.11949953275183,67.09655097532885
144,동신대학교,대학,사립,전남,B그룹,52.32776624313217,52.45868242198395,52.318541953133,52.12861996429022,66.72954971294162,67.06404052060519,67.21762022964627,67.31046844855841,67.17329295471097,67.0712202778908,67.63912270177178
145,동아대학교,대학,사립,부산,A그룹,48.611939145938464,47.98886165846096,48.996108600775386,48.77582565635356,67.64876777768401,68.39828504602579,68.88615548377753,69.34575758518868,69.05244022420551,68.69620089285631,68.97709046130038
146,동아방송예술대학교,전문대학,사립,경기,B그룹,52.05058780944517,52.076584870848684,52.064701210413546,51.87560941753228,66.29252860841467,66.49812546124862,66.48006570371754,66.50806754970537,65.97019414070992,66.38174565492042,65.63863382615135
147,동아보건대학교,전문대학,사립,전남,C그룹,52.80630164000566,52.8200060075913,52.865357778891244,52.65035868319361,66.9815003738584,68.06480337832996,68.14184982908078,68.11834569751399,67.46443939654318,67.86860729478263,67.54744479496223
148,동양대학교,대학,사립,경북,C그룹,52.19558521256693,52.34153253505231,52.75150981542758,52.48907622645794,67.01384643915613,67.35059303848765,67.1431782457377,66.88522671612739,66.84876853951407,67.24532488356282,67.47074455250376
149,동양미래대학교,전문대학,사립,서울,A그룹,49.912622243703616,49.860083632535556,49.629447931805956,49.482461235309124,65.30823785019453,65.53727107143978,65.63482326792759,67.47526923686674,67.54679651218524,67.65864468851612,67.91481993600773
150,동우대학,전문대학,사립,강원,B그룹,52.81886897456559,52.81724413747286,52.81724413747284,52.727060613158706,67.69327133796001,68.20353722251059,68.21867311139951,68.21867311139953,68.22079255584393,68.22079255584394,68.2264592225106
151,동원과학기술대학교,전문대학,사립,경남,B그룹,52.68174883274407,52.65641176133338,52.62470103734089,52.68945856777293,67.43421385018648,67.90169596949069,68.06924113078983,67.60705959608642,68.1126793710145,67.77100893788419,67.94228205230328
152,동원대학교,전문대학,사립,경기,B그룹,52.59637310844112,51.57186375977043,51.91714709992407,51.551687019502715,66.900009069011,67.49533336535428,67.84236796955906,67.86103050455326,67.79985979105712,67.73239646208172,67.66017313957414
153,동의과학대학교,전문대학,사립,부산,B그룹,52.303430416025584,52.30406052050591,52.7031962031406,52.535539719159544,66.97240588745215,67.67926478120367,67.78025978949313,67.49551194131682,67.90177510000471,67.99770488607307,67.71809487610264
154,동의대학교,대학,사립,부산,A그룹,49.28130368292971,49.64797445176212,49.83209401869956,50.22703308361824,67.34845533737024,67.12779509477762,67.08294881005601,67.72167257154025,67.57322049914276,67.42685144292636,67.54155899697813
155,두원공과대학교,전문대학,사립,경기,B그룹,52.71796401762632,52.71633918053359,52.71053918053357,52.62586565621943,67.23683686501995,67.4935175571155,67.08233870839389,67.58309499658994,67.68438751793532,67.85252159961736,68.48176740269328
156,디지털서울문화예술대학교,대학,사립,서울,C그룹,52.81886897456559,52.81724413747286,52.81724413747284,52.727060613158706,67.69327133796001,68.20353722251059,68.21867311139951,68.21867311139953,68.22079255584393,68.22079255584394,68.22324518742289
157,루터대학교,대학,사립,경기,C그룹,52.116439588386065,52.55636283937069,52.72156592428434,52.61647191757452,67.79706025307259,67.97800178891069,68.16641717226827,67.61403587456121,67.57042387882028,67.53861823889176,67.68830210104788
158,마산대학교,전문대학,사립,경남,A그룹,52.70911444026921,52.69420841630779,52.751267136195736,52.702702399760376,66.74154537788606,67.18295745588102,67.30695804970074,67.56893578377439,67.43723733458424,67.6065567833887,67.52846799641516
159,명신대학교,대학,사립,전남,C그룹,52.81886897456559,52.81724413747286,52.81724413747284,52.727060613158706,67.69327133796001,68.20353722251059,68.21867311139951,68.21867311139953,68.22079255584393,68.22079255584394,68.2264592225106
160,명지대학교,대학,사립,서울,A그룹,49.251171389293205,46.20252563687451,48.598062678894046,49.45898433085923,66.35754826809632,67.375977813259,67.86528192789338,67.38397599943512,67.13007795343569,67.18769495350774,68.51672896300298
161,명지전문대학,전문대학,사립,서울,A그룹,52.58648850429485,52.36702430317725,52.72698883100092,52.62377523886572,66.54267593851932,66.94400546540211,67.46627960913678,67.1414205223379,67.13844635653136,67.14173404052644,67.30902703151776
162,목원대학교,대학,사립,대전,B그룹,50.08005797291474,51.88987444739489,51.96903911671433,51.98161166173861,66.43722320138988,66.79377654080182,67.14431683933176,67.11888036041259,67.08790434146472,67.05443561320011,67.25254029113283
163,목포가톨릭대학교,대학,사립,전남,C그룹,52.64335385251312,52.28011940067431,51.80333947012991,52.485163490602936,67.46392268308797,66.6238863888957,67.91318235154284,68.00870439524066,67.9395758318553,67.96483294395543,67.65255589569509
164,목포과학대학교,전문대학,사립,전남,B그룹,52.76436198372808,52.66344494960698,52.80527421242214,52.6045007774947,67.73940077424434,68.11546466192901,68.1404928899992,68.16474300695826,67.94922452991435,68.2354700735965,68.26088572817066
165,문경대학교,전문대학,사립,경북,C그룹,52.88703652584305,52.05498310171351,52.74563298735801,52.68909752090196,67.1245763018382,67.54310406324423,67.37404571543487,67.79015994335829,67.90892842734111,68.28329641960616,67.88689284474287
166,배재대학교,대학,사립,대전,B그룹,50.31893533493419,51.267272831167666,51.25580733012504,51.57098028194691,66.2457519851245,66.94753742107875,66.9692503559273,67.22799595919537,67.1973667127897,67.16355885807641,67.16387083075482
167,배화여자대학교,전문대학,사립,서울,B그룹,51.82540929088991,52.299198271386324,52.30288223712841,52.24957816979527,66.44866972226514,68.03458549497708,68.08422047963343,68.36113839751025,68.10103978973363,67.56772694409494,67.93440900654839
168,백석대학교,대학,사립,충남,A그룹,50.566322585170894,50.757996740984154,50.41880479669458,51.50152844076706,67.23679735698191,67.48633545536504,67.84541080242784,68.02749102258569,67.9335661188003,67.6199783273801,67.7981904830622
169,백석문화대학교,전문대학,사립,충남,A그룹,52.667883186610865,52.5565727059395,52.42183302354906,52.324371258664854,66.60028345810505,66.90268904897643,67.04128133049791,67.38266893259706,67.953766868747,67.54788745797879,67.57858109175241
170,백석예술대학,전문대학,사립,서울,A그룹,52.81886897456559,52.81724413747286,52.81724413747284,52.727060613158706,67.69327133796001,68.20353722251059,68.21867311139951,68.21867311139953,68.22079255584393,68.22079255584394,68.2264592225106
171,백제예술대학교,전문대학,사립,전북,C그룹,52.83756258334242,52.81477977222372,52.794134289467124,52.658659877352385,67.64537399713322,68.07624861090531,68.25765929178333,67.61817262667913,67.78778027055425,68.05187809700936,68.22221306370054
172,베뢰아국제대학원대학교,대학원대학,사립,서울,-,52.52928098271078,52.55116298918347,52.47107695800172,52.611561345481576,65.55259826969454,65.86849913157099,65.95654522650021,66.24032093679307,66.22632354332397,66.49302340732373,66.21665577560402
173,벽성대학,전문대학,사립,전북,C그룹,52.81886897456559,52.81724413747286,52.81724413747284,52.727060613158706,67.69327133796001,68.20353722251059,68.21867311139951,68.21867311139953,68.22079255584393,68.22079255584394,68.2264592225106
174,부산가톨릭대학교,대학,사립,부산,C그룹,51.711570028600185,51.7968063318784,52.132689391547025,52.181377376525546,67.19774915433496,67.43331060323561,67.35608317911426,67.35068296401136,67.41430896408201,67.42333106926225,67.41160443471551
175,부산경상대학교,전문대학,사립,부산,B그룹,52.75633635176327,52.76969262578166,52.77213943065198,52.673968112220194,67.48036152665155,67.65152466532291,67.49862993582742,67.65429130489542,67.77856399421947,67.35925053066116,68.0150836468321
176,부산과학기술대학교,전문대학,사립,부산,B그룹,52.72778953053972,51.77552355674889,51.98678027087321,52.566945156374125,67.2079102104834,67.58742613406264,67.18566899989034,67.31111359968074,67.75047883975547,67.74636180271843,67.75761467628163
177,부산교육대학교,대학,국립,부산,C그룹,51.46557604115022,52.08093503232974,51.92429800896927,52.10990215777405,66.10339302128494,65.96820404610014,65.78789342173089,67.26966439664366,66.99581320167671,67.32088184958411,67.43299055185823
178,부산대학교,대학,국립,부산,A그룹,46.98450505322092,47.344452907968815,48.53451312248248,48.299390276479336,72.04058158404816,71.61257428762693,72.43450048026658,74.53091067640894,74.44167176555338,74.2541357196263,73.97946076093685
179,부산디지털대학교,대학,사립,부산,C그룹,52.81886897456559,52.81724413747286,52.81724413747284,52.727060613158706,67.67796578240446,68.18999833362172,68.20513422251062,68.20513422251064,68.19167025786415,68.19956025786414,68.21292033362172
180,부산보건대학교,전문대학,사립,부산,B그룹,52.378113222858865,52.3282674377016,52.29967105162005,52.130881498200544,66.04194379831776,66.17641617879825,66.17986408449387,67.1149733746354,66.89456420961855,67.14001139649072,67.49329150181765
181,부산여자대학교,전문대학,사립,부산,C그룹,52.43922167700639,52.43056582474735,52.43366781906663,52.43777958552716,67.21724669300222,67.61861020949925,67.57532343279308,68.2629531972798,67.66623891293136,67.73235453361903,67.89316478097817
182,부산예술대학교,전문대학,사립,부산,C그룹,52.82246968828554,52.763062149633924,52.88858072311362,52.7938093200116,67.62145399385297,68.1143830847343,68.13400005857038,68.0689637610014,68.14281107344773,68.14281107344773,68.14426334359452
183,부산외국어대학교,대학,사립,부산,B그룹,51.02976665420249,50.580802419096706,50.519730406455935,50.88264261489366,66.2590013511309,66.47767651779455,66.12303603294866,67.36546600892235,67.74295445381954,67.10784209550019,67.12489613146617
184,부산장신대학교,대학,사립,경남,C그룹,51.883475757296544,51.86598416906715,51.59730927840246,51.75896905767196,65.22888941499026,65.2860365745191,65.40179366165151,65.93720833282372,66.98754812437836,65.72768902757794,65.90843674329327
185,부천대학교,전문대학,사립,경기,A그룹,52.698772486375425,52.61352536891317,52.66861732200627,52.462434388683405,66.62198548666345,67.00908606318302,67.07241789291058,67.8308329083037,67.07001798039903,67.26747161487442,67.12407778798072
186,삼육대학교,대학,사립,서울,B그룹,51.62432748243018,51.91973203446192,51.96374008496649,51.713615859729956,66.59334600326679,67.00559685756339,66.92984912615118,67.10917604840198,67.1549551270949,67.57490226366016,67.54129659544725
187,삼육보건대학교,전문대학,사립,서울,C그룹,51.75757474606959,52.059724667957504,51.93404454351765,52.26409428461327,66.78081230855662,67.0404126734824,67.58503931481341,67.37299568003338,67.51075273390714,67.70809768092711,67.61447120044723
188,상명대학교,대학,사립,서울,A그룹,50.09648463645937,50.293958413708815,50.325461268211384,50.14761106285623,66.46439492240661,67.43870251250576,67.44774604539323,68.042096894111,67.75675099718744,67.83326385415793,67.399275950336
189,상지대학교,대학,사립,강원,B그룹,51.37581221480528,50.794039891491266,51.02945184197366,51.975175855912944,66.66440326075035,67.06898077701945,67.14669685414918,67.15148939091324,67.196011294461,67.15818836258586,67.5445845158804
190,상지영서대학교,전문대학,사립,강원,B그룹,52.17191436917299,52.3257156077966,51.62227307213393,51.60063341457515,67.32072335074295,67.96769012573816,68.21867311139951,68.21867311139953,68.22079255584393,68.22079255584394,68.2264592225106
191,서강대학교,대학,사립,서울,A그룹,47.5088123489918,47.79524393839507,47.00772184254948,47.45667177574653,64.02227800426945,64.82861617497365,65.12905203051815,69.73119945031065,69.96252711185168,69.52613774270765,69.22902504476654
192,서경대학교,대학,사립,서울,B그룹,48.83516021479164,49.199983748947766,49.22418631687177,49.51443645321437,66.10264108258464,66.91319478998642,67.06058089965028,67.33763757263566,67.62611870928119,67.3324520043232,67.06948759952883
193,서남대학교,대학,사립,전북,C그룹,52.6126082561229,52.655080088422025,52.660830088422024,52.46879168719268,67.69327133796001,68.20353722251059,68.21867311139951,68.21867311139953,68.22079255584393,68.22079255584394,68.2264592225106
194,서라벌대학교,전문대학,사립,경북,C그룹,52.7297993767701,52.702416467934746,52.68687591412681,52.69621710037599,67.64729548379312,67.98038182020953,68.0358739823544,67.8113742970065,68.5576959899075,68.27449221924348,68.6124827577391
195,서영대학교,전문대학,사립,광주,A그룹,52.73095980391866,52.739664668846146,52.740949406941375,52.551290695048195,66.71796516647362,67.20405315048738,67.25745262633284,67.22053248808331,67.29735071179196,67.35007650544277,67.39854145523411
196,서울과학기술대학교,대학,국립,서울,A그룹,48.306284054060285,48.71145047348166,48.78633941737354,50.319411137825114,64.71910646239492,66.7935310520687,66.74889179149712,68.64456910163516,67.81599979370586,67.57662021121133,67.98821100160305
197,서울과학종합대학원대학교,대학원대학,사립,서울,-,52.76889090300027,52.76642994826048,52.76642994826047,52.588116147553315,67.77006975541508,68.28808744188359,68.0232407509084,68.34318115946206,67.76571937712727,68.0530517544914,68.16904169184431
198,서울교육대학교,대학,국립,서울,C그룹,51.00912455862086,50.77126931984844,50.80011231711139,51.327923304449975,65.45061926868505,65.48743108454741,65.2549592673798,67.50852909878712,67.45104612803195,67.1237527204396,67.34385190999981
199,서울기독대학교,대학,사립,서울,C그룹,52.67279806724675,52.96305767599918,52.48199143295176,52.49815510503512,67.10253379170183,67.91430698513574,67.52867980043256,68.09834781990516,68.02444872018421,68.62941974495729,67.93511688698253
200,서울대학교,대학,국립,서울,A그룹,59.580235201111044,60.848364173649856,60.67975003107123,60.75527330785203,78.3832119606401,78.62720502789941,78.69372300110355,79.49557366237738,79.83212664197998,79.80775034753523,79.58955263056299
201,서울디지털대학교,대학,사립,서울,A그룹,52.52650213472534,52.517109570359885,52.52487729763261,52.7192577946576,67.51221586752338,67.96565561355037,66.88789554753143,68.02492423187196,68.0211599943611,68.01632080749239,67.95434034411593
202,서울미디어대학원대학교,대학원대학,사립,서울,-,52.997904698652526,52.78305097947366,52.74233152292095,52.84111797484354,67.4924972864546,68.06830239941118,68.34709498932605,68.24386330967253,68.0451991224299,67.87223608586055,67.97538800214888
203,서울벤처대학원대학교,대학원대학,사립,서울,-,52.81886897456559,52.81724413747286,52.81724413747284,52.727060613158706,67.69327133796001,68.20353722251059,68.21867311139951,68.21867311139953,68.22079255584393,68.22079255584394,68.2264592225106
204,서울불교대학원대학교,대학원대학,사립,서울,-,52.16273422589025,52.47085218229404,52.52602899032043,51.69335032117655,65.94836002401469,66.5641514868218,68.24163238080747,68.45873717351763,68.58182312158667,68.57095155317654,68.68031807059546
205,서울사이버대학교,대학,사립,서울,A그룹,52.811279344935954,52.81724413747286,52.81724413747284,52.727060613158706,67.66739412184279,68.17766000639337,68.1927958952823,68.09005183745839,68.08414290958312,68.07930050412504,68.07178040608582
206,서울사회복지대학원대학교,대학원대학,사립,서울,-,52.73121778115141,52.81053729259087,52.964718284196,52.8322655096045,67.60108101549156,68.21605204571043,68.25403480098443,68.02561856553895,68.04958785125324,68.27240747018146,68.25833519780981
207,서울상담심리대학원대학교,대학원대학,사립,서울,-,51.33296926085715,51.48146620777384,52.40291676566383,52.53139000420803,66.14035023983914,66.52765197265111,65.98350352352169,68.44816375344834,68.69721442246923,67.67104803514681,66.49672665191069
208,서울성경신학대학원대학교,대학원대학,사립,서울,-,52.311290528451394,52.330593048712835,52.61710454673357,52.42756596531321,67.17149026209744,67.83717491647725,68.00411602901953,67.7321697130359,67.32744949213085,67.48738531670435,67.68947504945271
209,서울시립대학교,대학,공립,서울,A그룹,46.05048730310006,45.954863196349436,48.1792201254963,51.886591540997,66.01774606967835,66.61057798669142,68.52496234250539,70.14396212366526,70.36250423232528,68.63404710910827,68.88310215309099
210,서울신학대학교,대학,사립,경기,C그룹,51.64515760545345,51.5917422189471,51.662357261162846,51.485014977085996,66.00422962744716,66.67858513362884,66.48952405493196,67.5513489458513,67.94945468393355,68.01717164363895,68.1483769691693
211,서울여자간호대학교,전문대학,사립,서울,C그룹,52.04256686142053,51.85669861997673,51.6847531793377,51.45970636980809,66.39670317934068,66.43322680305369,66.52391469149858,67.41206945686726,67.38457138170388,67.38637186084368,66.74662833116771
212,서울여자대학교,대학,사립,서울,B그룹,48.97531013207329,50.37415571389332,49.69963134918236,50.19272248271466,66.27723656370651,66.84749553812422,66.68923833465405,67.09590357937329,66.85787178977323,66.86051824618437,67.07071902214904
213,서울예술대학교,전문대학,사립,경기,B그룹,51.74384194939609,51.70616371912291,51.71003420763963,51.383106668892914,65.66303358396303,65.90085289554081,66.1983952497873,67.25069803942571,67.37048155753745,67.46249634453203,66.70019355513605
214,서울외국어대학원대학교,대학원대학,사립,서울,-,52.81886897456559,52.81724413747286,52.81724413747284,52.727060613158706,67.65534241172286,67.97285224476009,67.81050830855308,67.80729427346536,67.91803457774546,67.92128501892192,67.44188408502605
215,서울장신대학교,대학,사립,경기,C그룹,52.15940682286945,52.39292360838674,51.984291153514384,52.394753354731456,66.94088960327363,66.79259089630742,67.09526582539989,67.67652017845658,67.70886697268575,67.78534085721279,67.91496841633341
216,서울한영대학교,대학,사립,서울,C그룹,52.38125344272662,52.511815525298246,52.5441309162101,52.43529891788111,67.13461833433578,67.4547739012633,67.49803282407665,67.79426468184042,67.79857591615027,67.72664028542131,68.118951590772
217,서원대학교,대학,사립,충북,B그룹,51.58647085421596,51.8638242694445,52.24163064667098,52.02197700800584,66.74814214959456,66.9158987191571,66.97701719908669,68.02421759186687,67.90452320685509,67.14593773372593,67.59379405901639
218,서일대학교,전문대학,사립,서울,A그룹,52.5137856098645,52.51216077277178,52.499546030347524,52.566469471705986,66.88826478549578,67.42583908958545,67.43195676112849,67.09619487543054,67.16718728695542,67.09149937493507,67.09909404160173
219,서정대학교,전문대학,사립,경기,A그룹,52.85093498466659,52.79650354223477,52.789710208901425,52.695892240142825,67.62635406316582,68.13489463492462,68.06329062843668,68.08817141691148,68.04078797246702,68.06550847091903,68.10577394419302
220,서해대학,전문대학,사립,전북,C그룹,52.88234153355887,52.66410260071999,52.821704241920685,52.71150872593729,67.97127261218102,68.73672133419187,68.37564386963078,68.21867311139953,68.22079255584393,68.22079255584394,68.2264592225106
221,선교청대학교,대학,사립,충남,C그룹,52.81886897456559,52.81724413747286,52.81724413747284,52.727060613158706,67.69327133796001,68.20353722251059,68.21867311139951,68.21867311139953,68.22079255584393,68.22079255584394,68.2264592225106
222,선린대학교,전문대학,사립,경북,C그룹,52.79154966897375,52.82997401161461,52.3967791271023,52.236408009650994,67.20743409018986,67.26425329000679,67.500537765816,67.37133058910457,67.9564827224254,67.87449118269346,67.46602905495952
223,선문대학교,대학,사립,충남,B그룹,49.59849901699901,49.50024189056066,49.43117086430491,49.49729798547076,65.77822120626642,65.9082601734534,66.57580404661903,67.25912397659751,67.3295706895186,67.18637000456997,67.20202692500163
224,선학유피대학원대학교,대학원대학,사립,경기,-,52.38378005377184,52.49979481126478,52.486230049173265,52.407459572053966,65.74444323326995,66.2242227162904,66.55054076357429,65.98200376790194,66.05351694520525,66.79724881508103,66.75217847069273
225,성결대학교,대학,사립,경기,B그룹,50.407386656570814,50.96037773132652,51.63918368410113,51.71062536700706,66.86167059612566,67.07878127299718,67.17457333613991,67.30257423865031,67.218052793596,67.048418358124,67.19287715459727
226,성공회대학교,대학,사립,서울,C그룹,51.72746253787197,51.990841989355616,51.99363709047545,51.91081698839705,67.03935819420086,67.28702098673706,67.80451390586164,68.13625289901711,67.99542488062168,68.26903612801608,67.96937000630483
227,성균관대학교,대학,사립,서울,A그룹,51.590666381568816,52.18020344654188,52.529565773401295,51.60415664511541,73.56106855872721,74.22325871393781,74.39981479938763,75.78602348622397,76.59952485090115,77.03254112769079,76.3894957221242
228,성산효대학원대학교,대학원대학,사립,인천,-,53.02999616820042,53.02610913690562,53.02896254599652,52.94939143926,67.73955992358802,67.91894212000099,68.30481237347145,68.22662114468724,68.21785811113487,68.17038257879786,68.17038257879787
229,성서침례대학원대학교,대학원대학,사립,경기,-,52.45756701563337,52.45548089798631,52.45245858687521,52.47996069478045,66.09793199153448,67.54578488488991,67.75489073026746,66.37104519410987,65.9925539583251,66.75315947637198,66.63211466768485
230,성신여자대학교,대학,사립,서울,A그룹,48.708326870081564,51.17504052117635,51.71105495133634,51.30096638738467,67.28124475738746,67.61857500494965,67.38480325039949,68.01127950438601,67.7860974161119,67.64330006548076,67.2588337298107
231,성운대학교,전문대학,사립,경북,C그룹,52.80388213690325,52.80225729981053,52.79650729981051,52.56331669761796,67.2919547023632,67.54939609233598,67.5385074204209,67.50684623762356,67.54062686486533,67.52100584525749,67.54202005215403
232,성화대학,전문대학,사립,전남,B그룹,52.81886897456559,52.81724413747286,52.81724413747284,52.727060613158706,67.69327133796001,68.20353722251059,68.21867311139951,68.21867311139953,68.22079255584393,68.22079255584394,68.2264592225106
233,세경대학교,전문대학,사립,강원,C그룹,52.853372927747934,52.86570640378653,52.908460453286644,52.64837475467089,66.98459388803104,67.93470363402879,68.12290073609681,67.44985059096786,67.74185415902681,67.82126519406741,67.70647184395943
234,세계사이버대학,기타,기타,경기,-,52.81886897456559,52.81724413747286,52.81724413747284,52.727060613158706,67.69327133796001,68.20353722251059,68.21867311139951,68.21867311139953,68.22079255584393,68.22079255584394,68.2264592225106
235,세명대학교,대학,사립,충북,B그룹,48.98026990990991,49.0245103257344,48.81584798424068,49.465368584232564,64.61130462899871,66.21988112018691,66.38778991466545,68.00637937503319,67.33302009690323,67.40588545209029,67.29443927636883
236,세종대학교,대학,사립,서울,A그룹,46.22799338006853,46.479564885229436,46.59762877595035,46.39482347589796,65.53974492638258,67.39109890220429,68.48400677493156,69.68833432703842,70.22216652480003,69.26749774056647,69.88450168186068
237,세한대학교,대학,사립,충남,C그룹,52.77426794097414,52.67717291045348,52.525375732935046,52.56573509734303,66.98742824538189,67.32736922983929,67.32012741637864,67.54354233950154,67.55153512697551,67.6526273211899,67.77980939199749
238,송곡대학교,전문대학,사립,강원,C그룹,52.899483302785896,52.92248813405721,52.905877279226544,52.78953514188431,67.29116557194632,67.8850654590351,67.76087891728618,67.94322664108182,67.81381583431161,68.1761090772142,67.80846665811984
239,송원대학교,대학,사립,광주,C그룹,52.441598238419424,52.49665236399748,52.40722668311943,52.24058978635099,67.29019814775174,67.97886665720281,68.05585351851512,67.719118804642,67.72971351143453,67.70514401159457,67.70958040676801
240,송호대학교,전문대학,사립,강원,C그룹,52.8044960523476,52.829806378534,52.90036779034114,52.70321894933326,67.21475777421134,67.80808333425962,68.11325622370586,68.11403649627464,68.53769194137021,68.1171539881207,67.89917431017051
241,수도국제대학원대학교,대학원대학,사립,서울,-,52.32739462114247,52.079285116434065,52.737486986478636,53.08315247524354,67.72956772649621,68.27093748675374,68.32150681342327,68.40839015906894,68.31046145591719,68.23252289874887,68.70118931943625
242,수성대학교,전문대학,사립,대구,B그룹,52.24450354831125,52.297644934392665,50.855355508153146,52.17829999252194,66.70251199364574,67.16145380028641,67.09502202417458,67.12161496320357,67.04760087048577,66.99807257915002,67.0575101726204
243,수원가톨릭대학교,대학,사립,경기,C그룹,52.84030207824459,52.81915913853073,52.58159780850031,52.469108992846174,65.10295524107481,65.96015654610318,65.86239423222584,65.8365286766703,65.83010230697332,65.56685872048146,65.8445452897305
244,수원과학대학교,전문대학,사립,경기,B그룹,52.75672109682162,52.81078391052254,52.67908708363294,52.624462342833255,66.61707368372443,67.0017564741824,67.04889130893137,67.0870625901894,67.27812423262165,67.39661571191216,67.55002275415946
245,수원대학교,대학,사립,경기,B그룹,51.710995639389694,52.79467089304097,52.50018327335966,52.70256495478506,68.22399657587052,67.66804848892336,67.85329715191887,67.890879260794,67.76058583214433,68.1666822704316,68.53246709224523
246,수원여자대학교,전문대학,사립,경기,B그룹,52.58053845172559,52.587391167064446,52.00488075576245,52.5908229634222,67.24903723947921,67.38121491162629,67.40766670871395,67.11565099406033,66.97037865432209,67.64455540427542,67.39234602885759
247,숙명여자대학교,대학,사립,서울,A그룹,47.928207026356766,47.953957150802864,48.390059961955366,47.94083751982039,64.23258548236515,64.99264261536375,65.31857276547015,66.49060531380157,66.6821667550851,66.42290080495546,65.78078640878127
248,순복음대학원대학교,대학원대학,사립,서울,-,52.531847502903716,52.75735393275822,52.66847796216998,52.81420106230403,67.93806146638207,68.35030581286566,68.35119664619899,68.33923034702714,68.40571626297367,68.35547164619899,68.35547164619899
249,순복음총회신학교,대학,사립,충북,C그룹,52.81886897456559,52.89771675815681,52.82894831967737,52.53914016094297,67.91575178657344,68.45158456678097,68.4877116489264,68.4127947856946,68.44260806532347,68.43309110880173,68.43309110880173
250,순천제일대학교,전문대학,사립,전남,B그룹,52.66788253772006,51.55442174407317,52.77811884015886,52.692485439465344,67.06875406397339,67.34169656395287,67.9119459000977,68.02471342979453,68.14705525667975,67.63257736591153,66.89722130770095
251,순천향대학교,대학,사립,충남,A그룹,50.006746584606574,50.27449455092035,50.09954242429667,50.23191840939795,68.3228920569756,68.38086509158977,68.47322420367158,68.89850521574175,68.93623601584879,68.99996670175852,69.01609704805072
252,숭실대학교,대학,사립,서울,A그룹,48.08630363334072,47.68621983285761,47.54141122288939,47.51737824354821,63.2959057385465,65.63877314056786,66.3273752899523,67.97282209386246,68.72096421746305,68.0552825195409,67.86902400229299
253,숭실사이버대학교,대학,사립,서울,B그룹,52.81886897456559,52.81724413747286,52.81724413747284,52.727060613158706,67.69327133796001,68.20353722251059,68.21867311139951,68.21867311139953,68.15915595505342,68.15104881219628,68.16482262172009
254,숭의여자대학교,전문대학,사립,서울,B그룹,52.23931442422159,52.29382017212529,52.18547227456867,52.118004727999185,67.62779236528306,67.70895779761118,67.99231335200123,67.73255073564287,67.76449935543215,66.66979318190516,67.12062088530851
255,신경주대학교,대학,사립,경북,C그룹,52.743934821697216,52.81185713428493,52.634556173404164,52.48342648163191,67.00687572869026,67.47899270796225,67.54892043113232,67.88311015450968,67.7879650273707,68.45073323735106,68.48582260485196
256,신구대학교,전문대학,사립,경기,A그룹,52.518330496520285,52.59146034369232,52.570796077458546,52.20742308305892,67.08316492207352,66.98717878354742,67.29024987636913,67.07759721635826,67.01630590302402,66.9905250714157,67.00111605180784
257,신라대학교,대학,사립,부산,B그룹,50.97005475294952,51.187467833832585,51.18423457115511,51.348152644551774,67.09931586620083,67.81919599733179,67.1483139013139,67.5880513938587,67.27079975666726,67.11917727636325,67.12154703922258
258,신성대학교,전문대학,사립,충남,B그룹,52.46215271947405,51.97905196259176,52.34144517374698,52.12357383234718,67.33614653361845,67.13456834284999,67.15363758354988,67.61095235497356,67.65155671596769,67.93450430625286,67.51874159138374
259,신안산대학교,전문대학,사립,경기,B그룹,52.81785259714505,52.800977164814235,52.79132171026877,52.50339780914661,67.46566397076812,67.88453865004334,67.79008632217979,67.86731272244975,67.95748989804291,67.96898476498373,68.30582010608194
260,신한대학교,대학,사립,경기,B그룹,52.462239892582815,52.220433485457015,52.04517342185574,52.31497786912667,66.82926044965599,66.88397887283462,67.18684905286872,67.39913670952774,67.43806238562127,67.19970309161975,67.09679267424715
261,신흥대학교,전문대학,사립,경기,A그룹,52.81886897456559,52.81724413747286,52.81724413747284,52.727060613158706,67.69327133796001,68.20353722251059,68.21867311139951,68.21867311139953,68.22079255584393,68.22079255584394,68.2264592225106
262,실천신학대학원대학교,대학원대학,사립,경기,-,52.6250722596818,52.71344664101981,52.72765682985126,52.81599254732234,67.5834437871055,68.14463686808736,67.67056246824625,68.25627572194868,68.39578146487338,68.22628096125955,68.08140767364065
263,아신대학교,대학,사립,경기,C그룹,52.20650950886212,52.24536199065751,52.18124326811469,51.87540325895604,66.14501695404745,65.57874471082776,65.75571423759142,67.31932800840826,67.3220540830853,66.73494243605717,66.9830107383584
264,아주대학교,대학,사립,경기,A그룹,46.117893585902166,46.355223920113524,47.5716950719793,50.11633212944572,70.54527925728112,70.18484315961244,71.35181431063133,71.69818641430341,72.02148880850308,72.27467498739232,72.33213237341734
265,아주자동차대학교,전문대학,사립,충남,C그룹,52.88088015618679,52.95741036133814,52.865706403786525,52.76635500068449,67.34164421839246,67.6349513273186,68.21906759786077,67.93839599217733,67.94846037331254,68.01806623456723,68.45456337105576
266,안동과학대학교,전문대학,사립,경북,B그룹,51.75683320215057,52.00202381236061,52.51375340633267,52.4916044015046,66.71728014326646,67.21749259101571,67.15553854112255,67.58119533024245,67.51403115136446,67.44296276976218,67.3854046042203
267,안산대학교,전문대학,사립,경기,A그룹,52.69675273878567,52.648836193948966,52.6763394392503,52.417426879690396,66.9771936196806,67.03789067812046,66.87761717964017,67.18402965040765,67.14575030209224,67.4042605760097,67.84574571368718
268,안양대학교,대학,사립,경기,B그룹,52.761588139361635,52.77102035521245,52.5151799565385,52.48102823017591,67.71715434393967,67.9444657786719,67.50733291974684,67.32541534005337,67.33129167994208,67.29245137252308,67.24393459896167
269,에스라성경대학원대학교,대학원대학,사립,경기,-,52.37735918567737,52.38236728689421,52.499625184306375,52.62733872448998,67.68913031659214,67.76248900165491,67.43731604243563,67.35374083576947,67.06754979616098,66.54869503838319,66.32990835236686
270,여주대학교,전문대학,사립,경기,B그룹,52.716836307835294,52.670611880294814,52.59643983643866,52.65967076869874,66.78433078678746,67.79627253045595,67.40780489518566,67.18598743331088,67.25842020662579,67.6398882935188,68.11145903544583
271,연성대학교,전문대학,사립,경기,A그룹,52.71144576365806,52.709820926565335,52.71668918053358,52.601221830355755,67.27450184231091,66.08375842790345,67.47771405877126,67.10872029528268,67.04545448348448,67.50044911844766,67.1912329898826
272,연세대학교,대학,사립,서울,A그룹,55.68260643420074,54.93585708613222,55.59196592767388,58.9067120499767,74.13872711383935,76.70976591216184,77.01461372699804,78.49798697538453,78.65521501667375,79.02963963686918,78.88646468787812
273,연세대학교(미래),대학,사립,강원,B그룹,48.01045728745988,48.20937501794826,49.48028244015701,47.74885657731575,65.33777889435618,65.35123176772834,64.47234337677136,65.93310695752943,65.7684526984492,67.01172598480493,67.18872858577421
274,연암공과대학교,전문대학,사립,경남,C그룹,52.23816840754296,52.38509959522474,52.7141102387196,52.65849183925452,67.75381598353373,67.05404655926239,67.74400457847233,68.19739255581842,68.13353095270654,68.27954774423819,68.04856909703004
275,연암대학교,전문대학,사립,충남,C그룹,52.66213499633536,52.71513049628333,52.55207762003307,52.56524761889897,67.58568185274495,68.12645265874744,68.35142603721604,68.56881022522359,67.76701046862655,68.46163594650558,68.42336134333098
276,영남대학교,대학,사립,경북,A그룹,45.242809119352145,45.13208975960098,46.06510931897616,46.518643555801305,67.45866660185372,70.83274442694358,71.58118866268691,71.11975042894888,71.44508751848231,71.47980377628704,71.66932072275603
277,영남사이버대학교,대학,사립,경북,C그룹,52.81886897456559,52.81724413747286,52.81724413747284,52.727060613158706,67.69327133796001,68.20353722251059,68.21867311139951,68.21867311139953,68.22079255584393,68.22079255584394,68.2264592225106
278,영남신학대학교,대학,사립,경북,C그룹,52.01148468093531,52.14413595812304,52.16246771951203,52.18257107750396,66.16790331047747,67.15565906593054,67.45924023807378,67.76027250399737,67.79075458749355,68.53631221924188,67.85060218941044
279,영남외국어대학,전문대학,사립,경북,C그룹,52.83159470455455,52.82996986746182,52.80728707341501,52.71710354910088,67.77248452371491,68.19825584088728,68.48002578637254,68.73549810436701,68.75046987658928,68.81128685503458,68.47385167180549
280,영남이공대학교,전문대학,사립,대구,A그룹,51.751691441204756,52.664549578645456,52.6737540230899,52.52993859729575,67.25632341918634,66.99412465717151,67.00385693121449,66.99217537836564,67.03047746865902,67.00215991238194,67.04713253061162
281,영산대학교,대학,사립,경남,B그룹,51.82771403721195,51.681350847520534,51.69962975783623,52.60074884904526,66.95102328980238,67.63208810628335,67.84356023947782,67.43366717276045,67.25425453642491,67.22353126191271,67.55239500285799
282,영산선학대학교,대학,사립,전남,C그룹,52.74481537149056,52.499125195091196,52.86124047167895,52.301967861504664,65.83571315368945,65.746499849663,65.77414448852986,65.91623306253392,65.8078666608555,66.22118986626683,65.8771649994917
283,영진전문대학교,전문대학,사립,대구,A그룹,51.89631458013584,51.912423994611515,51.81395455839524,51.17446347154194,66.24704874484395,66.38230809332869,66.71883914816843,67.03422219371069,67.30647723785681,67.15586362633243,67.24145754370562
284,예명대학원대학교,대학원대학,사립,서울,-,52.63581901775996,52.48076316759245,52.47527462029055,52.54625172140698,67.9498800133049,68.3349201293875,68.70469327120743,68.71705647293764,68.6439231037298,68.32714109553005,67.85740193143302
285,예수대학교,대학,사립,전북,C그룹,51.766769371472826,51.58035977074688,51.89907223196385,51.27889271691583,66.85399373632804,67.4252543085841,65.67037138397217,65.68937030284518,65.80997856049262,65.7702826481963,65.82165940447263
286,예원예술대학교,대학,사립,전북,C그룹,52.774207082889035,52.76254685863807,52.71888062382025,52.661367038348764,67.46006516614013,68.11042418280076,68.17844281934093,68.16325529627348,68.09238978854731,68.13429820609223,67.62944476040181
287,오산대학교,전문대학,사립,경기,A그룹,52.203692083870415,52.3220580048896,52.31755556044515,52.4767583970684,66.58320752605782,67.03057785031238,67.51902735286718,67.52224222529854,67.30282926321769,67.45344159538679,67.77636694282825
288,온석대학원대학교,대학원대학,사립,경기,-,53.06367177853593,52.979147325347505,52.715022130024195,52.65770216369276,67.91511000983151,68.34305785122642,68.1927432499504,68.21594254819603,68.21330766755594,68.23190501964827,68.17498067818634
289,용인대학교,대학,사립,경기,B그룹,52.30560358086491,52.258805847683306,51.86183024109371,52.30682698817361,67.03803564276782,67.04191925606227,66.63134188910524,68.27287397521401,68.10117913399802,68.0137446407867,68.12440516784478
290,용인예술과학대학교,전문대학,사립,경기,B그룹,52.2148493386987,52.115819203665,51.33680096246217,51.250387916500785,66.30292617313258,66.67309128606671,67.34843422630588,67.42039534239892,67.62102859115804,68.11810573844824,67.76525936174114
291,우석대학교,대학,사립,전북,B그룹,51.5340348439716,52.06011386704258,51.9809283682869,52.04541362930708,66.94416707846588,67.37481297328519,67.1908611756656,67.24107943180648,67.33168495170968,67.36848145593203,67.35954771588389
292,우송공업대학,전문대학,사립,대전,B그룹,52.81886897456559,52.81724413747286,52.81724413747284,52.727060613158706,67.69327133796001,68.20353722251059,68.21867311139951,68.21867311139953,68.22079255584393,68.22079255584394,68.2264592225106
293,우송대학교,대학,사립,대전,A그룹,52.296944391924,52.12379984105663,52.33750492975591,52.3839786024284,67.44455677135693,67.99425803317794,68.02749752617515,68.06903184988975,68.1504477669127,68.15883559480369,68.2784009454881
294,우송정보대학,전문대학,사립,대전,B그룹,52.36130576159349,52.15067444209709,52.48452445323626,52.65569764660239,67.51910401680536,67.88769995801498,67.63009967307595,67.4060599758308,68.0524142043303,68.03094344907697,68.53795896874769
295,울산과학기술원,대학,국립,울산,C그룹,49.17456176404364,48.4588842623976,48.318624625580846,47.87602609508704,67.9347766488287,69.78767940779768,71.25438735534414,72.65354844148352,72.7306638716521,72.74202679811864,72.72265143331836
296,울산과학대학교,전문대학,사립,울산,A그룹,52.369944447864306,52.53696274139352,52.55916865434248,52.48950825204117,66.42147168305726,66.99305086493275,67.14059399907678,66.9852373322603,67.08124960913341,67.05135072216046,66.99064229463974
297,울산대학교,대학,사립,울산,A그룹,45.344471729600414,45.6596831417734,47.20971759498289,50.400791788083566,71.70149350532382,72.76126028402531,73.25850350031028,73.30432487373307,73.46682119759127,73.93169128427655,73.46800900927931
298,웅지세무대학교,전문대학,사립,경기,C그룹,52.354165953858995,52.7993177283423,52.7481659443965,52.71964394649204,67.64440306764116,68.18206446755678,68.24517152605814,68.29305276122821,68.34178804245023,68.2501523265806,68.2264592225106
299,원광대학교,대학,사립,전북,A그룹,47.121990669333556,50.237408675833166,50.61371744944903,50.76636643704375,67.93252891335348,67.66214998442003,67.45204080377589,67.68730483353725,67.38796609351849,67.5033598914079,67.66905636210643
300,원광보건대학교,전문대학,사립,전북,B그룹,52.0014597114815,52.032842418158644,52.64787491578648,52.63457293976922,66.96683579218409,66.88047726650701,67.44156974491368,67.19317163202689,65.81628296618527,65.36194510871249,65.50626345228311
301,원불교대학원대학교,대학원대학,사립,전북,-,52.50196685833891,52.56342521534606,52.60810125121819,52.738979331572224,67.91824698419069,68.03888586736842,68.25499042996438,67.81984783285735,68.07946272096287,68.11979892090109,68.07952765774321
302,웨스트민스터신학대학원대학교,대학원대학,사립,경기,-,52.406701210872306,52.47020824757379,52.58949383729266,52.15376623867831,67.59134689888053,67.86621455076634,67.83597513429314,68.592149143068,68.56052654185248,68.23725130848244,68.68789994894043
303,위덕대학교,대학,사립,경북,C그룹,52.48772226869886,52.48732601428059,52.05272507541367,52.11044598184563,67.42114623632187,67.78259515754227,67.53768027652028,67.78915091515111,67.67749747805507,68.06941749530134,68.0004971262258
304,유원대학교,대학,사립,충북,C그룹,52.46866871250103,52.527456791558116,52.78774972631015,52.51591343196047,67.93387394532445,68.26331282524416,68.2453534750272,68.27955905552687,67.74792397836183,68.32678836036054,68.14300138618628
305,유한대학교,전문대학,사립,경기,A그룹,52.59496837097416,52.59949353388143,52.36336485993455,52.237314477250784,66.77945139646613,67.14784293324036,67.15092166032325,67.17429058997187,67.55230690720042,67.20913936709645,67.62448430300348
306,육군사관학교,기타,기타,서울,-,51.98551260848592,52.592904212536205,52.21561053094567,52.05449903072295,67.17064255954088,67.93828087091612,68.02014689330379,68.08300822157506,67.9843984437213,67.92377378782797,68.0230503720716
307,을지대학교,대학,사립,대전,B그룹,52.38139675764997,52.20316286277365,52.193442937663946,52.22278006524859,67.31636576441213,66.43358442438166,66.53281680895735,66.68251045659477,67.64020433799122,67.24914306510384,67.37062192073415
308,이화여자대학교,대학,사립,서울,A그룹,47.59254430399445,48.731350177841506,49.17961759542388,47.174388265894095,68.56496699835488,70.17766585041541,71.206344233164,73.06005704479915,73.44945275213036,73.5221735657082,73.33321869302578
309,인덕대학교,전문대학,사립,서울,A그룹,52.58956193558579,52.70812960317648,52.754120545286646,52.33993298286046,67.05679163887966,67.37098485971902,67.3411249873591,67.29552411818719,67.38746409963277,67.31863418301366,67.25775418636191
310,인제대학교,대학,사립,경남,B그룹,48.43499452790589,48.59812861830433,49.01914752339013,51.61534938392808,69.23366936822705,69.28559467527117,69.52371298752146,69.48389640422457,70.04439271139975,69.63174599628714,68.92786945899779
311,인제대학원대학교,대학원대학,사립,서울,-,52.78050444604957,52.670974124852734,52.81724413747284,52.727060613158706,67.69327133796001,68.20353722251059,68.21867311139951,68.21867311139953,68.22079255584393,68.22079255584394,68.2264592225106
312,인천가톨릭대학교,대학,사립,인천,C그룹,52.367531940476006,52.60291799233759,52.66462891611814,52.60715761593471,66.46348684286164,67.1745178133822,67.01540981890241,67.57323272476889,67.83905391595803,68.03448615054819,68.26023767577509
313,인천대학교,대학,국립,인천,A그룹,48.559402844126026,48.632570835335,50.428872520828946,50.712038531729725,68.12772067154897,68.09469487834589,69.31115663715799,68.9048979947542,68.54542373915206,68.83283317490624,69.80650392005833
314,인천전문대학,전문대학,공립,인천,A그룹,52.81886897456559,52.81724413747286,52.81724413747284,52.727060613158706,67.69327133796001,68.20353722251059,68.21867311139951,68.21867311139953,68.22079255584393,68.22079255584394,68.2264592225106
315,인하공업전문대학,전문대학,사립,인천,A그룹,52.38807193164457,52.38142939593617,51.82777731161319,51.286365621731335,66.36757985682428,66.74454838754826,66.78715193782429,67.43963995129344,67.1244728869776,67.06312121257342,67.16100009363285
316,인하대학교,대학,사립,인천,A그룹,46.60914183004547,47.14689151872416,46.58424433620524,46.19474118961322,68.07677957015626,69.54289341367596,71.06760758409384,70.73940254236521,71.18058330250446,71.59845358759733,71.48552244667707
317,장로회신학대학교,대학,사립,서울,C그룹,52.023262611191825,51.9043219499141,51.8801964388461,50.39873607277537,65.14100367370109,65.68356305922072,65.5181922581301,65.79347432378736,65.80559936558073,65.78856652308991,66.52061591490575
318,장안대학교,전문대학,사립,경기,B그룹,52.722876031286035,52.72935383160186,52.73278153185562,52.614393124422435,67.33462463311956,67.393202718794,67.86035075556747,67.64978491479879,67.97621181850991,68.26918679004751,68.30989589884382
319,재능대학교,전문대학,사립,인천,B그룹,52.58429599986629,52.72778869807613,52.80760076550293,52.608501208395666,66.90078104767807,67.4797297926778,67.55887701533753,68.05990047847224,67.49595348515324,67.56374264149929,68.1785529276147
320,전남과학대학교,전문대학,사립,전남,B그룹,52.69580893393006,52.64831982149098,52.76021333381515,52.66303408489803,67.38127760794605,67.58192012623084,67.6014072452785,67.3240732070836,67.46801579924245,67.43481548551696,67.49705051431377
321,전남대학교,대학,국립,광주,A그룹,46.10518316046951,45.839548573641096,45.8410805281422,45.457002529985225,67.23925299915598,68.6011745982321,72.00179651158534,73.06086623762191,73.58460891316837,73.69077997417035,72.3833970837422
322,전남도립대학교,전문대학,공립,전남,C그룹,52.40208837007236,52.05450410105364,51.99129742336451,51.6473188919553,65.93740193355312,66.7147067352772,67.52862763852966,67.72072227685885,67.88650309820841,68.18142092881891,68.08822968573911
323,전북과학대학교,전문대학,사립,전북,C그룹,52.68452513045341,52.80970501345961,51.62608193873392,51.61293986723292,66.22908744830484,65.57666157171899,66.26153118651547,67.81923752557825,67.96461010482628,67.83995453731364,67.8251782744347
324,전북대학교,대학,국립,전북,A그룹,46.11416693208383,46.14628162898235,46.405729596904735,48.054896958033744,69.1224887296551,69.79091074164434,71.80050757012516,71.34454318476739,71.70773095894377,72.92306914899213,72.86961075740527
325,전주교육대학교,대학,국립,전북,C그룹,51.80595290067953,51.878181137409584,52.05780426560799,51.951980650824126,64.8500715960426,64.87552552532435,65.18803894132837,66.19624979773067,65.90313161780614,65.88947792671364,66.16683374251583
326,전주기전대학,전문대학,사립,전북,C그룹,52.82710922143908,52.81940808768931,52.74058123166384,52.724674553057895,67.14010399706447,68.55481473940573,68.68543617394265,68.63946247370824,68.69338312730835,68.83905829838044,68.13890494521219
327,전주대학교,대학,사립,전북,A그룹,48.86499102914358,48.97177182505086,48.41556403272372,51.11353257050486,66.62874845038816,66.72862220238201,66.69555700483798,68.09113017881235,66.8325314203856,66.71337233465016,66.81063500798602
328,전주비전대학교,전문대학,사립,전북,B그룹,52.66817729139739,52.71630486588567,52.54901578321036,52.38875842556288,67.05824400419877,67.34200343048867,67.53345150146076,67.53308759592835,67.59848689092519,67.82326522666708,68.23970057074246
329,제네바신학대학원대학교,대학원대학,사립,경기,-,52.81886897456559,52.81724413747286,52.74162698735093,52.754273946492034,66.12341368842611,66.799826699665,66.6896268223669,66.799826699665,65.84561307598297,66.59289774844473,66.59289774844473
330,제주관광대학교,전문대학,사립,제주,C그룹,52.441611171265734,52.450154111950795,52.391800702859875,52.38363592096997,67.25326301513022,67.83100208237016,67.81229006057326,67.76183578829294,67.62923969152503,67.86111098818921,67.90877375078165
331,제주국제대학교,대학,사립,제주,C그룹,52.76679987443152,52.98971094476098,52.91765074253278,52.73710996245918,67.66405772930997,68.48435044261448,68.37050930726694,68.58651930625041,68.53149905903673,68.66993389421545,68.34033164810826
332,제주대학교,대학,국립,제주,A그룹,50.014595253013326,50.95087406404867,50.78290021761454,51.201237987263816,67.13095353862084,67.66024169500834,68.50054233835904,68.19871771946308,68.49146037759162,68.50605415120248,68.66578197448153
333,제주한라대학교,전문대학,사립,제주,A그룹,52.34892584990984,52.39267979645201,51.54504002021759,52.58456418251576,66.87402354325606,67.54046008535077,67.64627469559328,67.36499303450185,67.42652627267965,67.43884316156856,67.43786437368975
334,조선간호대학교,전문대학,사립,광주,C그룹,52.96536047535161,52.962899520611835,52.96004611152091,52.76921144214295,67.24147052414945,67.40864318763636,67.53666468578922,67.73100776663041,68.02302761095073,67.91723302275125,68.1682921940089
335,조선대학교,대학,사립,광주,A그룹,48.11086916847715,50.84363873153423,46.71852463813057,47.14417438818441,64.99308706252747,68.10472977764593,68.10131082609271,68.53792245803366,68.2994256288284,68.39383166438729,68.42704420947528
336,조선이공대학교,전문대학,사립,광주,B그룹,52.760236601549714,52.74069053213375,51.884524698670425,51.471835081194776,65.20503487698659,67.28194720190953,67.48922172398849,67.8174609440853,67.79908742455693,67.49086284980692,67.42708968351668
337,주안대학원대학교,대학원대학,사립,인천,-,52.60587018105937,52.47406098319512,53.10278750774235,52.49510195809387,66.56864864571843,66.11735779556629,66.32880559863727,66.42014723519668,66.3513015587113,67.19651217799337,66.33546863756321
338,중부대학교,대학,사립,충남,B그룹,52.66553052459741,52.6262866560109,52.479555522369765,52.72452782636792,67.44727230737247,67.98487692241434,68.07770625801844,68.03771789879407,67.57373851836455,67.2165488888223,67.28386801631173
339,중앙대학교,대학,사립,서울,A그룹,45.723352760782056,45.64836514839696,45.98470523569874,45.33416601866132,64.93932467222471,69.89236683307438,71.69869745521841,73.03808999390546,73.27905541111124,74.02976355208374,73.73361332681749
340,중앙승가대학교,대학,사립,경기,C그룹,52.61460871419031,52.60043770970275,52.59996674707837,52.877118216961506,66.94307563955334,67.28206952506703,67.77039393280447,67.78562696862274,67.78948242601626,67.742772299637,67.8129927263851
341,중원대학교,대학,사립,충북,C그룹,52.302863796938574,52.69297761573253,52.79827625900738,52.655253589186685,67.31007889431771,67.5610577425059,68.10221515813163,68.12161487744835,68.42182817915759,68.42468161664623,68.41668316602394
342,진주교육대학교,대학,국립,경남,C그룹,52.30863340829741,52.33744560507486,52.11852631878556,52.33123157657054,66.95693094137832,66.47110413849033,65.6646808949931,67.31853375809416,66.86989692435263,66.61861595138916,66.71310757607047
343,진주보건대학교,전문대학,사립,경남,B그룹,51.75929250603578,51.915745881032045,52.000542968973434,51.791795877555735,67.09826591249917,67.15807275590339,66.90630971129798,67.22615077159163,67.0963869619226,67.06468857999077,67.27061184998988
344,차의과학대학교,대학,사립,경기,C그룹,52.31031850489768,52.47742371618845,52.4316793226856,52.17720036888475,66.4644393943743,67.43911235837581,66.95194950270985,67.05792320905084,67.31292590048764,67.5919670643313,67.22109363466821
345,창신대학교,대학,사립,경남,C그룹,52.556404048928734,52.423535832376764,52.514446041516905,52.48667641203149,67.04360777511215,67.12674952414378,67.57393485042401,68.10785143098907,67.6407901761103,68.26333322481102,68.24792744911608
346,창원문성대학교,전문대학,사립,경남,C그룹,52.64165150494109,52.74182315536377,52.83531225947029,52.91477171357213,67.86583595455699,68.42518161672417,67.79732630921968,67.70496674950728,68.39330065110394,68.37101238420462,67.91507029474408
347,청강문화산업대학교,전문대학,사립,경기,B그룹,51.38663667555098,51.335931426434435,50.93247119796948,51.03935356658611,65.25363101322687,67.23490959686268,67.17505579147108,67.95948667580156,67.65829800016608,67.77894935912455,68.12831404117956
348,청암대학교,전문대학,사립,전남,B그룹,52.79552454392377,52.786508550265374,52.816467089056644,52.68052427220911,67.06685279587812,67.86100039079524,65.84246574936526,67.4841061727888,66.69530731675276,68.14084703859234,67.61215799738316
349,청운대학교,대학,사립,충남,B그룹,51.99418186843582,52.132332024621775,52.04200501967346,51.688331715520306,66.61899672389688,66.95295688729661,66.48701699460156,67.4582861070816,67.26966436486522,67.20153348114955,67.18884834311991
350,청주교육대학교,대학,국립,충북,C그룹,52.04723314221847,51.83877759230965,52.05812248323357,52.22762280621578,66.3722307041155,66.40475895284787,66.69148624096958,67.62597284615563,67.48193591575138,67.01776067019557,67.0077276882233
351,청주대학교,대학,사립,충북,A그룹,51.08535350932983,51.22573475180075,51.7003925155077,51.753281342293825,67.72789081824169,67.26598166081052,66.99526222046252,67.60571977667838,67.37860247958692,66.64449758786266,66.92266855614865
352,초당대학교,대학,사립,전남,C그룹,52.66595703606607,52.61438235530803,52.433381864377694,52.31002693982698,66.95028232694182,67.3598035757403,67.31052426163487,67.4807855182989,67.36428975769327,67.42327660659194,67.52702556091315
353,총신대학교,대학,사립,서울,C그룹,51.211660081849594,50.239596068700386,50.495303907663995,50.44848615569264,64.49465545931149,65.13617644984406,65.47609166242565,66.82225068874361,66.74275188226683,65.79177550898156,65.895261218392
354,추계예술대학교,대학,사립,서울,C그룹,52.32962373061789,52.33696475600355,52.40258854537318,51.97178344253139,66.86975414886695,67.15108195686621,68.00989466631286,68.24720116716615,67.85570499862898,68.27012889685173,68.41955750402721
355,춘천교육대학교,대학,국립,강원,C그룹,51.65255653790963,51.64009735608065,51.57542069666813,51.55902496865858,65.26670921536714,65.56956709917984,66.26951858918505,67.29063935836525,66.93713935672943,66.5028575318184,66.15829359971217
356,춘해보건대학교,전문대학,사립,울산,B그룹,52.64480144669285,52.650044863568375,52.688588423376984,52.62822926274872,67.20547574346024,67.33677135260955,67.48052119691992,67.25705083121427,67.15591209712203,66.97764995237083,66.90643966273191
357,충남대학교,대학,국립,대전,A그룹,45.38548221265056,45.40870750412277,45.81802432604555,46.59647990269014,69.4949983900409,71.42532537760984,71.36509773023454,71.34888785907332,72.13053125179408,72.06344136599509,72.3715264577709
358,충남도립대학교,전문대학,공립,충남,C그룹,52.72778100279861,52.73561038315359,52.69389742938031,52.401147414285234,66.85583810623216,67.44711747044325,67.55213629694263,67.7872633305546,67.65866161732549,67.49180879768504,67.36743202368476
359,충북대학교,대학,국립,충북,A그룹,45.73183285197233,45.95056379547337,45.824480361383934,46.65950603870363,68.61106563483274,68.92794891571093,69.32214575669092,69.42361082548364,70.5679231137921,70.85090494946512,71.10123833099408
360,충북도립대학교,전문대학,공립,충북,C그룹,52.21392164986077,52.192101465316924,52.01874618406523,52.779684459037085,67.58037189105056,67.98347289321842,68.11569880637994,67.89572866537526,67.94991796938827,68.32505844583598,68.59008364413147
361,충북보건과학대학교,전문대학,사립,충북,B그룹,52.6413890071709,52.77211886916871,52.629979398395825,52.52917890438471,67.16654952352964,67.60238308426023,67.82402535259118,67.82944006612644,67.52858656987911,67.55406258719513,66.37397053384959
362,충청대학교,전문대학,사립,충북,B그룹,52.635452382869204,52.52836466536313,52.50325586739643,52.34791442757598,66.74626513964598,67.02174594230753,67.14135191938787,67.28341575031459,64.87125667244614,64.90505532972381,65.05552306411097
363,치유상담대학원대학교,대학원대학,사립,서울,-,52.81886897456559,52.99601412240487,52.76582850093719,52.600092622222895,67.78898434544939,68.17597805520302,68.14519474753486,68.27416998188149,68.36310759412304,67.93582380460107,67.89256851954654
364,칼빈대학교,대학,사립,경기,C그룹,52.52396233956867,52.57198947547216,52.61652147832648,52.292625078371366,66.93450542365436,67.8711573641373,67.95340049700047,68.11062275469318,68.0856472479069,67.9860182124843,67.88217373250187
365,탐라대학교,대학,사립,제주,C그룹,52.81886897456559,52.81724413747286,52.81724413747284,52.727060613158706,67.69327133796001,68.20353722251059,68.21867311139951,68.21867311139953,68.22079255584393,68.22079255584394,68.2264592225106
366,평택대학교,대학,사립,경기,C그룹,51.860844085286004,51.58089662169817,52.506962382738834,52.105082656905516,67.26826405234968,67.70992302923086,67.49546034256913,67.56038250143165,68.23913928739867,68.05604728878691,67.98569644247692
367,포항공과대학교,대학,사립,경북,C그룹,50.927356961687714,51.70757787005,53.09392391943246,51.04632186239331,71.7621477112365,72.08909638533217,72.90318063420084,72.91716411712973,73.37126551635895,73.6328699636604,72.86106288231551
368,포항대학교,전문대학,사립,경북,C그룹,52.81306897456558,52.66432414721947,52.72094808313185,52.69820433416406,67.41152934643551,68.39374845718726,67.8788921706151,68.05199606536304,67.99317385046628,68.46843481800336,67.92145561758201
369,한경국립대학교,대학,국립,경기,B그룹,49.69071848294915,50.317323225423976,51.42580137880288,51.31858978538041,66.36485458223163,66.75840735788616,67.13093919368028,67.10478963510928,67.18292714397874,67.2500633039056,67.48692932086371
370,한국개발연구원국제정책대학원대학교,대학원대학,사립,세종,-,51.64890254693126,52.04923195505698,51.58713402854571,51.565948713163785,66.08259132991773,65.83897253425717,65.94029368079231,67.07583884734359,67.48848320988292,66.47517302857375,67.36583714356598
371,한국골프과학기술대학교,전문대학,사립,강원,C그룹,52.696026157437615,52.785404980505334,52.816589160976555,52.58599169718352,67.19732834452138,67.61314072250157,67.78305820258818,67.92782673435418,67.34808307631356,67.76853713144418,67.86482511184336
372,한국공학대학교,대학,사립,경기,B그룹,51.4922946358079,51.459742533255515,51.9186728238275,52.265291836082156,66.46112449968584,66.57004395046283,67.08795579045908,67.25975986629523,66.95968046500639,66.91631767371109,67.02502358462371
373,한국과학기술원,대학,국립,대전,A그룹,50.06208225713213,51.52798548204318,51.922209569294,53.01519298455736,75.40688400943256,75.47675801257604,75.79333129225589,77.47291215453183,77.64181834473492,77.50382311220002,77.57015578431303
374,한국관광대학교,전문대학,사립,경기,C그룹,51.66851143790986,52.211372287753086,52.61842631246704,52.668380947709984,67.23279679311361,67.24705372162352,67.4781497794198,67.55061450281734,67.8033188971989,67.50195957155853,67.61478792902398
375,한국교원대학교,대학,국립,충북,B그룹,50.31396777902966,50.31093275644584,51.60637440839809,51.2021878347266,64.97401271778135,65.95661074195962,64.44240999042822,67.33375481451088,67.30414651218658,66.5485138695023,66.20173078264436
376,한국국제대학교,대학,사립,경남,C그룹,52.748111377384426,52.682201235902056,52.71117242637824,52.83496064949898,67.63855980135253,68.19567758522909,68.18373783582517,68.26916665208616,68.35270229395051,68.22079255584394,68.2264592225106
377,한국기술교육대학교,대학,사립,충남,C그룹,49.07084671470493,50.584688314150576,50.566108313358086,49.272880135399475,66.5117255480653,68.7197224452206,68.09959878170802,68.87597130869548,68.8193058439409,68.6847794307384,68.48702867434923
378,한국농수산대학교,전문대학,국립,전북,C그룹,52.785664781764666,53.272344721389416,53.19183494137711,52.88787696482522,67.41269822803426,67.799199112219,67.61337876920287,67.8314319671493,68.092612540245,68.07061014874722,68.10870373558195
379,한국방송통신대학교,대학,국립,서울,A그룹,49.440761344638354,49.33192387989565,48.57754395711441,48.53226116308757,63.807385663025485,64.16409347077092,64.12684803782663,64.45199360523996,67.25817595325006,65.70268650124548,66.16195731357354
380,한국복지사이버대학교,전문대학,사립,경북,B그룹,52.81886897456559,52.81724413747286,52.81724413747284,52.662656620413244,67.53243519542887,68.12316366750355,68.27934614789001,68.2337390763118,68.24479185408954,68.21757852075623,67.8632964569013
381,한국상담대학원대학교,대학원대학,사립,서울,-,52.91672482757475,51.48764895127441,51.49125305069722,51.51031347437448,66.15231624772109,65.82795980993976,67.00830262692736,68.49247514958996,67.99164782627571,67.71168821155064,67.8234499372098
382,한국성서대학교,대학,사립,서울,C그룹,52.48762089573185,52.59353172583427,52.37811612199683,52.17981966565364,66.79999217829437,67.35062141293805,67.22678591238974,67.32797488446835,67.74106289542803,68.05085698242424,67.99570627657485
383,한국승강기대학교,전문대학,사립,경남,C그룹,52.94528481355087,52.9712519925205,52.94539467550996,52.80392638959524,67.36795691446301,67.37031768251329,67.97444878996038,67.97151527084789,67.94988322187349,67.9891947910499,67.98222423775552
384,한국에너지공과대학교,대학,국립,전남,C그룹,52.81886897456559,52.81724413747286,52.81724413747284,52.727060613158706,67.69327133796001,68.20353722251059,68.21867311139951,68.21867311139953,67.67888233306006,66.02094643370036,70.49296131720203
385,한국열린사이버대학교,대학,사립,서울,B그룹,52.81886897456559,52.81724413747286,52.81724413747284,52.727060613158706,67.69327133796001,68.20353722251059,68.21867311139951,68.1943720857585,68.22079255584393,68.22079255584394,68.12099438690892
386,한국영상대학교,전문대학,사립,세종,B그룹,52.77598005795766,51.71551138172575,51.61743766150828,51.90155142311398,66.75834976572688,66.8703688487654,67.16196097960912,67.18737682671,66.62680073213502,66.99325381519486,67.03597981968383
387,한국예술종합학교,대학,국립,서울,C그룹,50.60452848094834,50.32639303079628,51.44193252135747,51.76264244203662,65.2100691214118,66.780473082508,66.9097972220396,68.1001264366144,68.61126738494812,68.0102678625663,66.96658238564773
388,한국외국어대학교,대학,사립,서울,A그룹,47.980464425975406,48.67454452461714,48.628825206371204,49.66371867326021,66.58842242873361,66.79512260716483,66.74205190211626,67.6610772701159,68.22189142019617,67.69459956010088,67.69152932443075
389,한국전력국제원자력대학원대학교,대학원대학,사립,울산,-,52.36057856291686,52.31138019016535,52.38580956828418,52.13730513711576,65.86309422792989,67.29686895624936,67.9849613015026,69.07687859718749,68.62570748525458,69.06451835917385,69.03439692870373
390,한국전통문화대학교,대학,국립,충남,C그룹,52.519856161979796,52.633712063884744,52.65330491066835,52.63340927733585,65.96354620216043,66.20597244895056,66.30894137242942,67.59791705927596,67.14379938536237,67.19905429451583,67.18692929451583
391,한국정보통신대학교,대학,사립,대전,C그룹,52.81886897456559,52.81724413747286,52.81724413747284,52.727060613158706,67.69327133796001,68.20353722251059,68.21867311139951,68.21867311139953,68.22079255584393,68.22079255584394,68.2264592225106
392,한국철도대학,전문대학,국립,경기,C그룹,52.81886897456559,52.81724413747286,52.81724413747284,52.727060613158706,67.69327133796001,68.20353722251059,68.21867311139951,68.21867311139953,68.22079255584393,68.22079255584394,68.2264592225106
393,한국체육대학교,대학,국립,서울,C그룹,52.60939322330585,52.65012022980744,52.637636896474106,52.50323457617733,66.82625080633632,67.54471648702645,67.82731380449486,67.93317199176805,68.29609940591521,67.98822950049964,67.93136122592807
394,한국침례신학대학교,대학,사립,대전,C그룹,51.5876488031425,51.74796871856368,51.65163434595469,51.52351063760194,65.53343153178756,66.85178421828,66.01140365522811,68.16391287941444,66.78471641407107,66.86721340732744,65.51640607947151
395,한국폴리텍Ⅰ대학서울강서캠퍼스,전문대학,사립,서울,C그룹,52.81886897456559,52.81724413747286,52.81724413747284,52.7258326131587,67.71114146201897,68.22140734656955,68.21867311139951,68.18824418516236,68.19036362960676,68.1670642814936,68.25086708699908
396,한국폴리텍Ⅰ대학서울정수캠퍼스,전문대학,사립,서울,C그룹,52.81886897456559,52.81724413747286,52.67561340912422,52.56383406734975,67.06602769131764,67.49979292472483,67.53995312858795,67.57114150074608,67.60542680230441,67.60668255988018,67.67216555538141
397,한국폴리텍Ⅰ대학성남캠퍼스,전문대학,사립,경기,C그룹,52.81886897456559,52.81724413747286,52.818616137472844,52.7258326131587,67.69150467129334,68.2007796454798,68.21591553436872,68.18647751849569,68.12619049620301,68.08547621888042,68.1719074187485
398,한국폴리텍Ⅰ대학제주캠퍼스,전문대학,사립,제주,C그룹,52.81886897456559,52.81724413747286,52.81724413747284,52.85831479851955,65.5649156704554,68.31718518990913,68.5130004672305,68.52631649157127,68.50577886707586,68.51511991167494,68.51511991167493
399,한국폴리텍Ⅱ대학남인천캠퍼스,전문대학,사립,인천,C그룹,52.81886897456559,52.81724413747286,52.81724413747284,52.727060613158706,67.69327133796001,68.20353722251059,68.21867311139951,68.70334761054502,68.75900471421254,68.65952557981397,68.6807337916984
400,한국폴리텍Ⅱ대학인천캠퍼스,전문대학,사립,인천,C그룹,52.81886897456559,52.81724413747286,52.81724413747284,52.727060613158706,67.62974902209562,68.1761323136882,67.70545992120641,68.19941755584398,68.20153700028838,68.20153700028838,68.03141906516424
401,한국폴리텍Ⅱ대학화성캠퍼스,전문대학,사립,경기,C그룹,52.81886897456559,52.81724413747286,52.81724413747284,52.727060613158706,67.69327133796001,68.20353722251059,68.21867311139951,68.21867311139953,68.46186362087902,68.4511468371826,68.52945669313507
402,한국폴리텍Ⅲ대학강릉캠퍼스,전문대학,사립,강원,C그룹,52.732726871337235,52.73128742035684,51.99486661395466,52.22084296644479,67.27418932385562,67.57021680564834,67.51713294473376,68.151899762619,68.28251476380937,68.25973126009933,68.74952873904076
403,한국폴리텍Ⅲ대학원주캠퍼스,전문대학,사립,강원,C그룹,52.81886897456559,52.81724413747286,52.81724413747284,52.81004059217601,67.06918515780126,67.24121065603936,67.51338187056623,68.11302509331048,68.1586381507554,68.19088765639873,68.37232805367049
404,한국폴리텍Ⅲ대학춘천캠퍼스,전문대학,사립,강원,C그룹,52.78050444604957,52.85480211493657,52.82363487543432,52.72363448369093,67.69327133796001,68.17713291391672,68.21867311139951,68.21518739711381,68.24716684155821,68.44676486928977,68.7257806666535
405,한국폴리텍Ⅳ대학대전캠퍼스,전문대학,사립,대전,C그룹,52.81886897456559,52.81724413747286,52.81724413747284,52.727060613158706,67.67401578240445,68.18428166695504,68.19941755584397,68.19941755584398,68.22079255584393,68.22079255584394,68.2264592225106
406,한국폴리텍Ⅳ대학아산캠퍼스,전문대학,사립,충남,C그룹,52.794442360666814,52.77749612814925,52.84439220656715,52.676322028562716,67.69513353513162,68.1963440084268,68.21147989731571,68.2347792454289,68.23689868987331,68.23689868987333,68.24592174773065
407,한국폴리텍Ⅳ대학청주캠퍼스,전문대학,사립,충북,C그룹,52.79829980802624,52.79667497093352,52.73708474159463,52.63845937672367,67.61570894088725,68.15259399161353,68.19765673542256,68.19765673542256,68.19977617986699,68.19977617986699,68.22170726961056
408,한국폴리텍Ⅳ대학충남캠퍼스,전문대학,사립,충남,C그룹,52.775563457314895,52.763062149633924,52.76306214963392,52.672878625319775,67.69327133796001,68.19646408052205,68.07680249483954,68.32141182006752,68.32353126451194,68.32353126451196,68.32919793117861
409,한국폴리텍Ⅴ대학광주캠퍼스,전문대학,사립,광주,C그룹,52.83939945050728,52.83879611717395,52.838796117173935,52.7434812024419,67.42662263848759,68.22796096658834,68.24309685547728,68.24309685547728,68.24521629992168,68.2452162999217,68.25088296658835
410,한국폴리텍Ⅴ대학순천캠퍼스,전문대학,사립,전남,C그룹,52.81886897456559,52.81724413747286,52.81724413747284,52.727060613158706,67.69327133796001,69.0151293319523,68.04783125329983,68.03129950397059,68.1897819375394,67.6813962759901,69.06903868206213
411,한국폴리텍Ⅴ대학익산캠퍼스,전문대학,사립,전북,C그룹,52.01215512279652,52.84785144210189,52.85765552402747,52.76747199971333,67.69327133796001,68.02827005988613,68.06978023448931,68.04340594877503,68.04100094877502,68.01272757809342,68.01727741936325
412,한국폴리텍Ⅴ대학전남캠퍼스,전문대학,사립,전남,C그룹,52.856426952029295,52.85765552402748,52.85765552402747,52.76747199971333,67.69327133796001,68.10078066139846,68.11591655028737,68.27488086036125,68.27700030480567,68.27700030480568,68.28266697147234
413,한국폴리텍Ⅴ대학전북캠퍼스,전문대학,사립,전북,C그룹,52.817387565474675,52.81861613747286,52.803980820012534,52.71119729569838,67.55582163077304,68.12937491398051,68.25403480098443,68.25403480098444,67.88084601853069,68.22079255584394,68.19804981281948
414,한국폴리텍Ⅵ대학구미캠퍼스,전문대학,사립,경북,C그룹,52.94255788978661,53.00699874791233,52.78348348887969,52.68322309713629,67.48151747132059,67.80424749212796,68.0069192447601,68.18824418516236,68.19036362960676,68.25615424542889,68.26182091209553
415,한국폴리텍Ⅵ대학대구캠퍼스,전문대학,사립,대구,C그룹,52.81601556547467,52.81439072838195,52.81439072838194,52.719367204067794,67.62806649731549,67.5937163847187,68.27350990212514,68.14064381140815,68.1670642814936,68.1670642814936,68.1750139202965
416,한국폴리텍Ⅵ대학영남융합기술캠퍼스,전문대학,사립,대구,C그룹,52.68737299420977,52.68491203946998,52.702054402915344,52.601881260266616,67.52654619806351,68.0175247292675,68.07360797824502,68.0757635338006,68.07224170840377,68.07439726395931,68.45876778968729
417,한국폴리텍Ⅵ대학영주캠퍼스,전문대학,사립,경북,C그룹,52.77765103695866,52.77519008221888,52.77519008221887,51.925159750089406,67.37360830009706,67.99210780031562,68.00375797491881,68.43373411247526,68.60778998368517,68.53447725815364,68.50091036613173
418,한국폴리텍Ⅶ대학동부산캠퍼스,전문대학,사립,부산,C그룹,52.81886897456559,52.81724413747286,52.81724413747284,52.727060613158706,67.69327133796001,68.20353722251059,68.21867311139951,68.21867311139953,68.0696794644317,66.43964161533185,66.42530720252242
419,한국폴리텍Ⅶ대학부산캠퍼스,전문대학,사립,부산,C그룹,52.81886897456559,52.81724413747286,52.81724413747284,52.727060613158706,67.67401578240445,68.16589212276342,68.22885557171698,68.16898862960682,68.17110807405123,68.17110807405125,68.17104140738455
420,한국폴리텍Ⅶ대학울산캠퍼스,전문대학,사립,울산,C그룹,52.80560565710527,52.80398082001254,53.08464846016211,52.76747199971333,67.7184328832448,68.249081372413,68.23477924542888,68.22634677789642,68.23689868987331,68.24025508106399,68.24256535653998
421,한국폴리텍Ⅶ대학진주캠퍼스,전문대학,사립,경남,C그룹,52.81886897456559,52.81724413747286,52.81724413747284,52.727060613158706,67.69327133796001,68.20353722251059,68.21867311139951,68.21867311139953,68.05416517871743,68.21929153426478,68.21929153426478
422,한국폴리텍Ⅶ대학창원캠퍼스,전문대학,사립,경남,C그룹,52.7929841465326,52.79135930943987,52.79916708721764,52.70692578512572,67.6551264143961,68.17601337357199,68.1489017116305,68.2163945393111,68.2185139837555,68.2185139837555,68.2264592225106
423,한국폴리텍특성화 로봇캠퍼스,전문대학,사립,경북,C그룹,52.81886897456559,52.81724413747286,52.81724413747284,52.727060613158706,67.69327133796001,68.20353722251059,68.21867311139951,68.21867311139953,68.03934152846185,68.05120070552661,68.11713280809072
424,한국폴리텍특성화 바이오캠퍼스,전문대학,사립,충남,C그룹,52.74762020695413,52.77393862022216,52.773938620222154,52.68375509590801,67.69327133796001,67.90498415929909,68.20587735748184,68.1950008868936,68.20799680192626,68.11976911003228,68.04447348140425
425,한국폴리텍특성화 반도체융합캠퍼스,전문대학,사립,경기,C그룹,51.98148852131264,51.979402403665574,52.63038911504366,52.653591949395505,67.6623322973124,68.28012029639727,68.38629276440366,68.29465938186738,68.23489690907344,68.22079255584394,68.31170904228972
426,한국폴리텍특성화 항공캠퍼스,전문대학,사립,경남,C그룹,52.859280361120206,52.85765552402748,52.85765552402747,52.75160868225301,67.69513353513162,68.1963440084268,68.21147989731571,68.21376286945194,68.23214673697328,68.05421221337376,68.01896781390495
427,한국학대학원,대학원대학,국립,경기,-,52.81886897456559,52.81724413747286,52.81724413747284,52.727060613158706,67.69327133796001,68.80729021479029,66.34406309434705,66.45595937633303,66.38668383748299,66.30501481551954,66.32737317027797
428,한국항공대학교,대학,사립,경기,C그룹,49.735337631081464,50.87563741787757,50.78227082449071,51.10776152080213,66.38685388923534,67.01790224315414,67.23105125704775,67.61402171778879,67.60497408652157,67.66311278505191,67.54415851234049
429,한남대학교,대학,사립,대전,A그룹,47.42772875831006,48.50428128666354,48.385210892017014,48.45029029984802,64.80413288003494,65.72928076263997,66.09627618576238,67.73085347286509,67.78880604771393,67.63488186076194,67.79045041863598
430,한동대학교,대학,사립,경북,C그룹,50.582639877075195,50.766813071042954,50.72726654471443,50.604178129272135,65.12436091577959,64.54245220693076,65.35413794676958,67.17629606711975,65.95894962609876,66.07974305858158,66.24720622283131
431,한라대학교,대학,사립,강원,C그룹,52.75209812429237,52.45598532354315,52.44030743062235,52.37719266476155,67.56102927087788,68.24953524715023,68.4277597304707,68.51379673780302,67.74866409756663,67.49065383822446,68.04352180362368
432,한려대학교,대학,사립,전남,C그룹,52.66239725464386,52.626870678242085,52.626870678242085,52.679712247599255,68.05078271022609,68.57432972735785,68.14894194813104,68.14894194813107,68.22079255584393,68.22079255584394,68.2264592225106
433,한림국제대학원대학교,대학원대학,사립,서울,-,52.92277894915413,52.92092132774768,52.67710340507827,52.83426723142114,67.56242127617587,68.06363174947106,68.00724368920454,68.00402965411682,67.85173342551214,67.88321007053378,67.83464997521973
434,한림대학교,대학,사립,강원,B그룹,46.13290485658069,46.50037487135326,48.814794201246535,48.83146245796746,67.4584229790101,68.43887760316059,69.13688945181406,69.22683827590899,69.11859803995075,69.07124751721625,68.85158381222854
435,한림성심대학교,전문대학,사립,강원,B그룹,52.2274952360738,51.97495253785012,52.302391682337394,52.052207026946206,66.79306705607397,66.36639517161306,66.05532756911668,68.01061180739296,67.71527812644028,66.92132552638026,67.19453712383812
436,한민학교,대학,사립,충남,C그룹,52.81886897456559,52.81724413747286,52.81724413747284,52.727060613158706,67.69327133796001,68.20353722251059,68.21867311139951,68.21867311139953,68.22079255584393,68.22079255584394,68.2264592225106
437,한반도국제대학원대학교,대학원대학,사립,서울,-,52.64691757249994,52.72680737037866,52.431134602339505,52.84872345225862,67.44706686490267,68.23607754270078,68.22632662445237,68.42264425645945,68.2433061446544,68.24330614465438,68.2036978175771
438,한북대학교,대학,사립,경기,C그룹,52.81886897456559,52.81724413747286,52.81724413747284,52.727060613158706,67.69327133796001,68.20353722251059,68.21867311139951,68.21867311139953,68.22079255584393,68.22079255584394,68.2264592225106
439,한서대학교,대학,사립,충남,B그룹,52.24439118706022,52.41513926043128,52.59660977657262,52.377527575603075,66.92457362619348,67.13713243277623,67.14170366655524,67.27977858702064,67.36137063502456,67.26248977675978,67.32817619398625
440,한성대학교,대학,사립,서울,B그룹,50.58685135614884,51.02612313993793,50.93640928516569,51.55035276600868,66.08595895183184,67.17515195638632,67.29544426211007,67.48379891330849,67.34367833090167,67.07478858348456,67.16594405828918
441,한세대학교,대학,사립,경기,C그룹,51.72285799213952,50.958500065211524,52.38374503606818,52.057658173541554,67.48133430352269,67.43380579162726,67.42025086692333,67.96178047629671,67.8482012737839,67.43361021243653,68.09873961399927
442,한신대학교,대학,사립,경기,B그룹,51.759284948057406,51.76224343582301,51.76864804985024,51.795180099349956,66.40898240185528,66.98783163005405,67.1693415686584,67.28682096631015,67.24576289956129,67.25232890226563,67.22402160138256
443,한양대학교,대학,사립,서울,A그룹,48.42748451563247,46.74491863001399,46.99673001569219,47.80785020289153,70.00988728217418,72.51592892773525,73.92207747933155,74.54479199464699,74.87218765164288,75.57236653167303,75.4869342965349
444,한양대학교(ERICA),대학,사립,경기,A그룹,49.61837205405859,51.63975842894223,50.86434205678046,51.87601362524025,68.32885327548354,67.8828790650509,68.10265238731212,69.22590894455247,69.1323037710522,68.93511322276447,69.36807280934853
445,한양여자대학교,전문대학,사립,서울,A그룹,52.38446666078123,52.372225386583686,52.64799885463519,52.501272563750355,66.50275760205962,66.62579679133906,66.60458644128639,66.95732084793693,67.00432046266661,66.98207868506373,66.68804596423483
446,한영대학교,전문대학,사립,전남,C그룹,51.83231471336278,51.76915990036876,51.76881425592433,51.55864686490446,65.66588573618824,67.70291344972695,67.52823303112802,67.55934041123378,67.49615819535288,68.1112889963649,67.5890961975971
447,한일장신대학교,대학,사립,전북,C그룹,52.07295189040445,52.11411549825899,52.129235298057225,52.15145457993806,67.47839996986316,67.81847259712428,67.66241265891217,67.71134695876854,67.94080328625574,67.85810505874683,68.05266296855103
448,한중대학교,대학,사립,강원,C그룹,52.82464106393509,52.83094694272296,53.075863371658855,52.86087522778073,67.69327133796001,68.20353722251059,68.21867311139951,68.21867311139953,68.22079255584393,68.22079255584394,68.2264592225106
449,합동신학대학원대학교,대학원대학,사립,경기,-,52.62823216688176,52.66977566544605,52.65847816268157,52.593472349959725,66.04918489887716,66.02026947565578,65.82671342030093,66.01667544032438,66.03473877365771,66.0189555037146,66.1605651949273
450,해군사관학교,기타,기타,경남,-,52.77342654518236,52.735273241148576,52.74051620411153,52.68419535656505,67.08388058085268,67.15371190093163,67.13001257553482,67.30958226661683,67.23951910561205,67.62742766825457,67.78220954835757
451,협성대학교,대학,사립,경기,C그룹,51.97193598936356,52.03999317290779,51.66468545693994,52.11726222824181,67.55558438092822,67.69237523253636,67.38231128529199,67.41118615149534,67.5281401291711,67.48611505406208,67.49494989610466
452,혜전대학교,전문대학,사립,충남,B그룹,52.00486965725341,52.16072574588556,52.12002948483725,51.966517630967836,66.16185139285867,67.33134018751683,68.04272456219891,67.75775716723166,68.2599440896141,68.25274282097064,68.48264968733099
453,호남대학교,대학,사립,광주,B그룹,51.89093539749482,51.26529787458062,52.396221367279814,51.60909133940999,66.88452959376392,67.22325451894932,67.72198797988483,67.35734722308617,68.0101866022295,67.41342156248861,67.4434480196005
454,호남신학대학교,대학,사립,광주,C그룹,52.01499064247039,51.78312643667447,52.15758329131225,51.94271133403643,65.92425575332598,66.63335726569743,66.74495956300105,67.82689983435478,67.6037366308263,67.64175807442453,67.70506593108014
455,호산대학교,전문대학,사립,경북,C그룹,52.825473056095156,52.769725052335765,52.77853030991152,52.68476772766106,67.55456268472989,68.0823396725726,68.00794214729825,68.02251029990884,67.60021742381139,67.84539641644835,67.54016172253871
456,호서대학교,대학,사립,충남,A그룹,49.9100852154196,49.165420210159645,49.01750828037845,49.26901375129875,66.05981479839605,66.22409697226223,66.0276673304624,66.63758387532803,66.56357553234484,66.77414995166991,65.05775244832778
457,호원대학교,대학,사립,전북,B그룹,52.6715853538864,52.51757331404583,52.50223822908287,52.39097254353347,67.22476167399171,67.42406770378814,67.26193785682895,67.30729802084369,67.31050953860868,67.38193794551518,67.326289023556
458,홍익대학교,대학,사립,서울,A그룹,49.635603980097216,50.93361084561308,50.74902944513095,51.59795336187783,70.2332030178387,70.21423623484871,69.76644605004536,69.36276944602454,69.66243193423158,69.25015506694896,68.03092458882948
459,화성의과학대학교,대학,사립,경기,C그룹,52.846017043659884,52.84439220656716,52.83708635748813,52.744302833173975,67.7184328832448,68.27808098290072,68.18072951730515,68.29241685314129,68.28411723775665,67.79684564523299,67.2713534615088
460,화신사이버대학교,대학,사립,부산,C그룹,52.81886897456559,52.81724413747286,52.81724413747284,52.727060613158706,67.69327133796001,68.20353722251059,68.21867311139951,68.21867311139953,68.22079255584393,68.19649153020292,68.2264592225106
461,횃불트리니티신학대학원대학교,대학원대학,사립,서울,-,52.60897250833156,52.56311279263547,52.60137247630375,52.52439273266837,65.20953368587605,65.29721585889186,65.48792066181737,67.90293955900322,66.32561323269725,66.35308069182831,65.9120022484824
